nexamp-1,^TCGCCTTA...ATAGAGAG$
nexamp-2,^TCGCCTTA...AGAGGATA$
nexamp-3,^TCGCCTTA...CTCCTTAC$
nexamp-4,^TCGCCTTA...TATGCAGT$
nexamp-5,^TCGCCTTA...TACTCCTT$
nexamp-6,^TCGCCTTA...AGGCTTAG$
nexamp-7,^TCGCCTTA...ATTAGACG$
nexamp-8,^TCGCCTTA...CGGAGAGA$
nexamp-9,^CTAGTACG...ATAGAGAG$
nexamp-10,^CTAGTACG...AGAGGATA$
nexamp-11,^CTAGTACG...CTCCTTAC$
nexamp-12,^CTAGTACG...TATGCAGT$
nexamp-13,^CTAGTACG...TACTCCTT$
nexamp-14,^CTAGTACG...AGGCTTAG$
nexamp-15,^CTAGTACG...ATTAGACG$
nexamp-16,^CTAGTACG...CGGAGAGA$
nexamp-17,^TTCTGCCT...ATAGAGAG$
nexamp-18,^TTCTGCCT...AGAGGATA$
nexamp-19,^TTCTGCCT...CTCCTTAC$
nexamp-20,^TTCTGCCT...TATGCAGT$
nexamp-21,^TTCTGCCT...TACTCCTT$
nexamp-22,^TTCTGCCT...AGGCTTAG$
nexamp-23,^TTCTGCCT...ATTAGACG$
nexamp-24,^TTCTGCCT...CGGAGAGA$
nexamp-25,^GCTCAGGA...ATAGAGAG$
nexamp-26,^GCTCAGGA...AGAGGATA$
nexamp-27,^GCTCAGGA...CTCCTTAC$
nexamp-28,^GCTCAGGA...TATGCAGT$
nexamp-29,^GCTCAGGA...TACTCCTT$
nexamp-30,^GCTCAGGA...AGGCTTAG$
nexamp-31,^GCTCAGGA...ATTAGACG$
nexamp-32,^GCTCAGGA...CGGAGAGA$
nexamp-33,^AGGAGTCC...ATAGAGAG$
nexamp-34,^AGGAGTCC...AGAGGATA$
nexamp-35,^AGGAGTCC...CTCCTTAC$
nexamp-36,^AGGAGTCC...TATGCAGT$
nexamp-37,^AGGAGTCC...TACTCCTT$
nexamp-38,^AGGAGTCC...AGGCTTAG$
nexamp-39,^AGGAGTCC...ATTAGACG$
nexamp-40,^AGGAGTCC...CGGAGAGA$
nexamp-41,^CATGCCTA...ATAGAGAG$
nexamp-42,^CATGCCTA...AGAGGATA$
nexamp-43,^CATGCCTA...CTCCTTAC$
nexamp-44,^CATGCCTA...TATGCAGT$
nexamp-45,^CATGCCTA...TACTCCTT$
nexamp-46,^CATGCCTA...AGGCTTAG$
nexamp-47,^CATGCCTA...ATTAGACG$
nexamp-48,^CATGCCTA...CGGAGAGA$
nexamp-49,^GTAGAGAG...ATAGAGAG$
nexamp-50,^GTAGAGAG...AGAGGATA$
nexamp-51,^GTAGAGAG...CTCCTTAC$
nexamp-52,^GTAGAGAG...TATGCAGT$
nexamp-53,^GTAGAGAG...TACTCCTT$
nexamp-54,^GTAGAGAG...AGGCTTAG$
nexamp-55,^GTAGAGAG...ATTAGACG$
nexamp-56,^GTAGAGAG...CGGAGAGA$
nexamp-57,^CAGCCTCG...ATAGAGAG$
nexamp-58,^CAGCCTCG...AGAGGATA$
nexamp-59,^CAGCCTCG...CTCCTTAC$
nexamp-60,^CAGCCTCG...TATGCAGT$
nexamp-61,^CAGCCTCG...TACTCCTT$
nexamp-62,^CAGCCTCG...AGGCTTAG$
nexamp-63,^CAGCCTCG...ATTAGACG$
nexamp-64,^CAGCCTCG...CGGAGAGA$
nexamp-65,^TGCCTCTT...ATAGAGAG$
nexamp-66,^TGCCTCTT...AGAGGATA$
nexamp-67,^TGCCTCTT...CTCCTTAC$
nexamp-68,^TGCCTCTT...TATGCAGT$
nexamp-69,^TGCCTCTT...TACTCCTT$
nexamp-70,^TGCCTCTT...AGGCTTAG$
nexamp-71,^TGCCTCTT...ATTAGACG$
nexamp-72,^TGCCTCTT...CGGAGAGA$
nexamp-73,^TCCTCTAC...ATAGAGAG$
nexamp-74,^TCCTCTAC...AGAGGATA$
nexamp-75,^TCCTCTAC...CTCCTTAC$
nexamp-76,^TCCTCTAC...TATGCAGT$
nexamp-77,^TCCTCTAC...TACTCCTT$
nexamp-78,^TCCTCTAC...AGGCTTAG$
nexamp-79,^TCCTCTAC...ATTAGACG$
nexamp-80,^TCCTCTAC...CGGAGAGA$
nexamp-81,^TCATGAGC...ATAGAGAG$
nexamp-82,^TCATGAGC...AGAGGATA$
nexamp-83,^TCATGAGC...CTCCTTAC$
nexamp-84,^TCATGAGC...TATGCAGT$
nexamp-85,^TCATGAGC...TACTCCTT$
nexamp-86,^TCATGAGC...AGGCTTAG$
nexamp-87,^TCATGAGC...ATTAGACG$
nexamp-88,^TCATGAGC...CGGAGAGA$
nexamp-89,^CCTGAGAT...ATAGAGAG$
nexamp-90,^CCTGAGAT...AGAGGATA$
nexamp-91,^CCTGAGAT...CTCCTTAC$
nexamp-92,^CCTGAGAT...TATGCAGT$
nexamp-93,^CCTGAGAT...TACTCCTT$
nexamp-94,^CCTGAGAT...AGGCTTAG$
nexamp-95,^CCTGAGAT...ATTAGACG$
nexamp-96,^CCTGAGAT...CGGAGAGA$
nexamp-97,^TCGCCTTA...CTAGTCGA$
nexamp-98,^TCGCCTTA...AGCTAGAA$
nexamp-99,^TCGCCTTA...ACTCTAGG$
nexamp-100,^TCGCCTTA...TCTTACGC$
nexamp-101,^TCGCCTTA...CTTAATAG$
nexamp-102,^TCGCCTTA...ATAGCCTT$
nexamp-103,^TCGCCTTA...TAAGGCTC$
nexamp-104,^TCGCCTTA...TCGCATAA$
nexamp-105,^CTAGTACG...CTAGTCGA$
nexamp-106,^CTAGTACG...AGCTAGAA$
nexamp-107,^CTAGTACG...ACTCTAGG$
nexamp-108,^CTAGTACG...TCTTACGC$
nexamp-109,^CTAGTACG...CTTAATAG$
nexamp-110,^CTAGTACG...ATAGCCTT$
nexamp-111,^CTAGTACG...TAAGGCTC$
nexamp-112,^CTAGTACG...TCGCATAA$
nexamp-113,^TTCTGCCT...CTAGTCGA$
nexamp-114,^TTCTGCCT...AGCTAGAA$
nexamp-115,^TTCTGCCT...ACTCTAGG$
nexamp-116,^TTCTGCCT...TCTTACGC$
nexamp-117,^TTCTGCCT...CTTAATAG$
nexamp-118,^TTCTGCCT...ATAGCCTT$
nexamp-119,^TTCTGCCT...TAAGGCTC$
nexamp-120,^TTCTGCCT...TCGCATAA$
nexamp-121,^GCTCAGGA...CTAGTCGA$
nexamp-122,^GCTCAGGA...AGCTAGAA$
nexamp-123,^GCTCAGGA...ACTCTAGG$
nexamp-124,^GCTCAGGA...TCTTACGC$
nexamp-125,^GCTCAGGA...CTTAATAG$
nexamp-126,^GCTCAGGA...ATAGCCTT$
nexamp-127,^GCTCAGGA...TAAGGCTC$
nexamp-128,^GCTCAGGA...TCGCATAA$
nexamp-129,^AGGAGTCC...CTAGTCGA$
nexamp-130,^AGGAGTCC...AGCTAGAA$
nexamp-131,^AGGAGTCC...ACTCTAGG$
nexamp-132,^AGGAGTCC...TCTTACGC$
nexamp-133,^AGGAGTCC...CTTAATAG$
nexamp-134,^AGGAGTCC...ATAGCCTT$
nexamp-135,^AGGAGTCC...TAAGGCTC$
nexamp-136,^AGGAGTCC...TCGCATAA$
nexamp-137,^CATGCCTA...CTAGTCGA$
nexamp-138,^CATGCCTA...AGCTAGAA$
nexamp-139,^CATGCCTA...ACTCTAGG$
nexamp-140,^CATGCCTA...TCTTACGC$
nexamp-141,^CATGCCTA...CTTAATAG$
nexamp-142,^CATGCCTA...ATAGCCTT$
nexamp-143,^CATGCCTA...TAAGGCTC$
nexamp-144,^CATGCCTA...TCGCATAA$
nexamp-145,^GTAGAGAG...CTAGTCGA$
nexamp-146,^GTAGAGAG...AGCTAGAA$
nexamp-147,^GTAGAGAG...ACTCTAGG$
nexamp-148,^GTAGAGAG...TCTTACGC$
nexamp-149,^GTAGAGAG...CTTAATAG$
nexamp-150,^GTAGAGAG...ATAGCCTT$
nexamp-151,^GTAGAGAG...TAAGGCTC$
nexamp-152,^GTAGAGAG...TCGCATAA$
nexamp-153,^CAGCCTCG...CTAGTCGA$
nexamp-154,^CAGCCTCG...AGCTAGAA$
nexamp-155,^CAGCCTCG...ACTCTAGG$
nexamp-156,^CAGCCTCG...TCTTACGC$
nexamp-157,^CAGCCTCG...CTTAATAG$
nexamp-158,^CAGCCTCG...ATAGCCTT$
nexamp-159,^CAGCCTCG...TAAGGCTC$
nexamp-160,^CAGCCTCG...TCGCATAA$
nexamp-161,^TGCCTCTT...CTAGTCGA$
nexamp-162,^TGCCTCTT...AGCTAGAA$
nexamp-163,^TGCCTCTT...ACTCTAGG$
nexamp-164,^TGCCTCTT...TCTTACGC$
nexamp-165,^TGCCTCTT...CTTAATAG$
nexamp-166,^TGCCTCTT...ATAGCCTT$
nexamp-167,^TGCCTCTT...TAAGGCTC$
nexamp-168,^TGCCTCTT...TCGCATAA$
nexamp-169,^TCCTCTAC...CTAGTCGA$
nexamp-170,^TCCTCTAC...AGCTAGAA$
nexamp-171,^TCCTCTAC...ACTCTAGG$
nexamp-172,^TCCTCTAC...TCTTACGC$
nexamp-173,^TCCTCTAC...CTTAATAG$
nexamp-174,^TCCTCTAC...ATAGCCTT$
nexamp-175,^TCCTCTAC...TAAGGCTC$
nexamp-176,^TCCTCTAC...TCGCATAA$
nexamp-177,^TCATGAGC...CTAGTCGA$
nexamp-178,^TCATGAGC...AGCTAGAA$
nexamp-179,^TCATGAGC...ACTCTAGG$
nexamp-180,^TCATGAGC...TCTTACGC$
nexamp-181,^TCATGAGC...CTTAATAG$
nexamp-182,^TCATGAGC...ATAGCCTT$
nexamp-183,^TCATGAGC...TAAGGCTC$
nexamp-184,^TCATGAGC...TCGCATAA$
nexamp-185,^CCTGAGAT...CTAGTCGA$
nexamp-186,^CCTGAGAT...AGCTAGAA$
nexamp-187,^CCTGAGAT...ACTCTAGG$
nexamp-188,^CCTGAGAT...TCTTACGC$
nexamp-189,^CCTGAGAT...CTTAATAG$
nexamp-190,^CCTGAGAT...ATAGCCTT$
nexamp-191,^CCTGAGAT...TAAGGCTC$
nexamp-192,^CCTGAGAT...TCGCATAA$
nexamp-193,^TAGCGAGT...ATAGAGAG$
nexamp-194,^TAGCGAGT...AGAGGATA$
nexamp-195,^TAGCGAGT...CTCCTTAC$
nexamp-196,^TAGCGAGT...TATGCAGT$
nexamp-197,^TAGCGAGT...TACTCCTT$
nexamp-198,^TAGCGAGT...AGGCTTAG$
nexamp-199,^TAGCGAGT...ATTAGACG$
nexamp-200,^TAGCGAGT...CGGAGAGA$
nexamp-201,^GTAGCTCC...ATAGAGAG$
nexamp-202,^GTAGCTCC...AGAGGATA$
nexamp-203,^GTAGCTCC...CTCCTTAC$
nexamp-204,^GTAGCTCC...TATGCAGT$
nexamp-205,^GTAGCTCC...TACTCCTT$
nexamp-206,^GTAGCTCC...AGGCTTAG$
nexamp-207,^GTAGCTCC...ATTAGACG$
nexamp-208,^GTAGCTCC...CGGAGAGA$
nexamp-209,^TACTACGC...ATAGAGAG$
nexamp-210,^TACTACGC...AGAGGATA$
nexamp-211,^TACTACGC...CTCCTTAC$
nexamp-212,^TACTACGC...TATGCAGT$
nexamp-213,^TACTACGC...TACTCCTT$
nexamp-214,^TACTACGC...AGGCTTAG$
nexamp-215,^TACTACGC...ATTAGACG$
nexamp-216,^TACTACGC...CGGAGAGA$
nexamp-217,^AGGCTCCG...ATAGAGAG$
nexamp-218,^AGGCTCCG...AGAGGATA$
nexamp-219,^AGGCTCCG...CTCCTTAC$
nexamp-220,^AGGCTCCG...TATGCAGT$
nexamp-221,^AGGCTCCG...TACTCCTT$
nexamp-222,^AGGCTCCG...AGGCTTAG$
nexamp-223,^AGGCTCCG...ATTAGACG$
nexamp-224,^AGGCTCCG...CGGAGAGA$
nexamp-225,^GCAGCGTA...ATAGAGAG$
nexamp-226,^GCAGCGTA...AGAGGATA$
nexamp-227,^GCAGCGTA...CTCCTTAC$
nexamp-228,^GCAGCGTA...TATGCAGT$
nexamp-229,^GCAGCGTA...TACTCCTT$
nexamp-230,^GCAGCGTA...AGGCTTAG$
nexamp-231,^GCAGCGTA...ATTAGACG$
nexamp-232,^GCAGCGTA...CGGAGAGA$
nexamp-233,^CTGCGCAT...ATAGAGAG$
nexamp-234,^CTGCGCAT...AGAGGATA$
nexamp-235,^CTGCGCAT...CTCCTTAC$
nexamp-236,^CTGCGCAT...TATGCAGT$
nexamp-237,^CTGCGCAT...TACTCCTT$
nexamp-238,^CTGCGCAT...AGGCTTAG$
nexamp-239,^CTGCGCAT...ATTAGACG$
nexamp-240,^CTGCGCAT...CGGAGAGA$
nexamp-241,^GAGCGCTA...ATAGAGAG$
nexamp-242,^GAGCGCTA...AGAGGATA$
nexamp-243,^GAGCGCTA...CTCCTTAC$
nexamp-244,^GAGCGCTA...TATGCAGT$
nexamp-245,^GAGCGCTA...TACTCCTT$
nexamp-246,^GAGCGCTA...AGGCTTAG$
nexamp-247,^GAGCGCTA...ATTAGACG$
nexamp-248,^GAGCGCTA...CGGAGAGA$
nexamp-249,^CGCTCAGT...ATAGAGAG$
nexamp-250,^CGCTCAGT...AGAGGATA$
nexamp-251,^CGCTCAGT...CTCCTTAC$
nexamp-252,^CGCTCAGT...TATGCAGT$
nexamp-253,^CGCTCAGT...TACTCCTT$
nexamp-254,^CGCTCAGT...AGGCTTAG$
nexamp-255,^CGCTCAGT...ATTAGACG$
nexamp-256,^CGCTCAGT...CGGAGAGA$
nexamp-257,^GTCTTAGG...ATAGAGAG$
nexamp-258,^GTCTTAGG...AGAGGATA$
nexamp-259,^GTCTTAGG...CTCCTTAC$
nexamp-260,^GTCTTAGG...TATGCAGT$
nexamp-261,^GTCTTAGG...TACTCCTT$
nexamp-262,^GTCTTAGG...AGGCTTAG$
nexamp-263,^GTCTTAGG...ATTAGACG$
nexamp-264,^GTCTTAGG...CGGAGAGA$
nexamp-265,^ACTGATCG...ATAGAGAG$
nexamp-266,^ACTGATCG...AGAGGATA$
nexamp-267,^ACTGATCG...CTCCTTAC$
nexamp-268,^ACTGATCG...TATGCAGT$
nexamp-269,^ACTGATCG...TACTCCTT$
nexamp-270,^ACTGATCG...AGGCTTAG$
nexamp-271,^ACTGATCG...ATTAGACG$
nexamp-272,^ACTGATCG...CGGAGAGA$
nexamp-273,^TAGCTGCA...ATAGAGAG$
nexamp-274,^TAGCTGCA...AGAGGATA$
nexamp-275,^TAGCTGCA...CTCCTTAC$
nexamp-276,^TAGCTGCA...TATGCAGT$
nexamp-277,^TAGCTGCA...TACTCCTT$
nexamp-278,^TAGCTGCA...AGGCTTAG$
nexamp-279,^TAGCTGCA...ATTAGACG$
nexamp-280,^TAGCTGCA...CGGAGAGA$
nexamp-281,^GACGTCGA...ATAGAGAG$
nexamp-282,^GACGTCGA...AGAGGATA$
nexamp-283,^GACGTCGA...CTCCTTAC$
nexamp-284,^GACGTCGA...TATGCAGT$
nexamp-285,^GACGTCGA...TACTCCTT$
nexamp-286,^GACGTCGA...AGGCTTAG$
nexamp-287,^GACGTCGA...ATTAGACG$
nexamp-288,^GACGTCGA...CGGAGAGA$
nexamp-289,^TAGCGAGT...CTAGTCGA$
nexamp-290,^TAGCGAGT...AGCTAGAA$
nexamp-291,^TAGCGAGT...ACTCTAGG$
nexamp-292,^TAGCGAGT...TCTTACGC$
nexamp-293,^TAGCGAGT...CTTAATAG$
nexamp-294,^TAGCGAGT...ATAGCCTT$
nexamp-295,^TAGCGAGT...TAAGGCTC$
nexamp-296,^TAGCGAGT...TCGCATAA$
nexamp-297,^GTAGCTCC...CTAGTCGA$
nexamp-298,^GTAGCTCC...AGCTAGAA$
nexamp-299,^GTAGCTCC...ACTCTAGG$
nexamp-300,^GTAGCTCC...TCTTACGC$
nexamp-301,^GTAGCTCC...CTTAATAG$
nexamp-302,^GTAGCTCC...ATAGCCTT$
nexamp-303,^GTAGCTCC...TAAGGCTC$
nexamp-304,^GTAGCTCC...TCGCATAA$
nexamp-305,^TACTACGC...CTAGTCGA$
nexamp-306,^TACTACGC...AGCTAGAA$
nexamp-307,^TACTACGC...ACTCTAGG$
nexamp-308,^TACTACGC...TCTTACGC$
nexamp-309,^TACTACGC...CTTAATAG$
nexamp-310,^TACTACGC...ATAGCCTT$
nexamp-311,^TACTACGC...TAAGGCTC$
nexamp-312,^TACTACGC...TCGCATAA$
nexamp-313,^AGGCTCCG...CTAGTCGA$
nexamp-314,^AGGCTCCG...AGCTAGAA$
nexamp-315,^AGGCTCCG...ACTCTAGG$
nexamp-316,^AGGCTCCG...TCTTACGC$
nexamp-317,^AGGCTCCG...CTTAATAG$
nexamp-318,^AGGCTCCG...ATAGCCTT$
nexamp-319,^AGGCTCCG...TAAGGCTC$
nexamp-320,^AGGCTCCG...TCGCATAA$
nexamp-321,^GCAGCGTA...CTAGTCGA$
nexamp-322,^GCAGCGTA...AGCTAGAA$
nexamp-323,^GCAGCGTA...ACTCTAGG$
nexamp-324,^GCAGCGTA...TCTTACGC$
nexamp-325,^GCAGCGTA...CTTAATAG$
nexamp-326,^GCAGCGTA...ATAGCCTT$
nexamp-327,^GCAGCGTA...TAAGGCTC$
nexamp-328,^GCAGCGTA...TCGCATAA$
nexamp-329,^CTGCGCAT...CTAGTCGA$
nexamp-330,^CTGCGCAT...AGCTAGAA$
nexamp-331,^CTGCGCAT...ACTCTAGG$
nexamp-332,^CTGCGCAT...TCTTACGC$
nexamp-333,^CTGCGCAT...CTTAATAG$
nexamp-334,^CTGCGCAT...ATAGCCTT$
nexamp-335,^CTGCGCAT...TAAGGCTC$
nexamp-336,^CTGCGCAT...TCGCATAA$
nexamp-337,^GAGCGCTA...CTAGTCGA$
nexamp-338,^GAGCGCTA...AGCTAGAA$
nexamp-339,^GAGCGCTA...ACTCTAGG$
nexamp-340,^GAGCGCTA...TCTTACGC$
nexamp-341,^GAGCGCTA...CTTAATAG$
nexamp-342,^GAGCGCTA...ATAGCCTT$
nexamp-343,^GAGCGCTA...TAAGGCTC$
nexamp-344,^GAGCGCTA...TCGCATAA$
nexamp-345,^CGCTCAGT...CTAGTCGA$
nexamp-346,^CGCTCAGT...AGCTAGAA$
nexamp-347,^CGCTCAGT...ACTCTAGG$
nexamp-348,^CGCTCAGT...TCTTACGC$
nexamp-349,^CGCTCAGT...CTTAATAG$
nexamp-350,^CGCTCAGT...ATAGCCTT$
nexamp-351,^CGCTCAGT...TAAGGCTC$
nexamp-352,^CGCTCAGT...TCGCATAA$
nexamp-353,^GTCTTAGG...CTAGTCGA$
nexamp-354,^GTCTTAGG...AGCTAGAA$
nexamp-355,^GTCTTAGG...ACTCTAGG$
nexamp-356,^GTCTTAGG...TCTTACGC$
nexamp-357,^GTCTTAGG...CTTAATAG$
nexamp-358,^GTCTTAGG...ATAGCCTT$
nexamp-359,^GTCTTAGG...TAAGGCTC$
nexamp-360,^GTCTTAGG...TCGCATAA$
nexamp-361,^ACTGATCG...CTAGTCGA$
nexamp-362,^ACTGATCG...AGCTAGAA$
nexamp-363,^ACTGATCG...ACTCTAGG$
nexamp-364,^ACTGATCG...TCTTACGC$
nexamp-365,^ACTGATCG...CTTAATAG$
nexamp-366,^ACTGATCG...ATAGCCTT$
nexamp-367,^ACTGATCG...TAAGGCTC$
nexamp-368,^ACTGATCG...TCGCATAA$
nexamp-369,^TAGCTGCA...CTAGTCGA$
nexamp-370,^TAGCTGCA...AGCTAGAA$
nexamp-371,^TAGCTGCA...ACTCTAGG$
nexamp-372,^TAGCTGCA...TCTTACGC$
nexamp-373,^TAGCTGCA...CTTAATAG$
nexamp-374,^TAGCTGCA...ATAGCCTT$
nexamp-375,^TAGCTGCA...TAAGGCTC$
nexamp-376,^TAGCTGCA...TCGCATAA$
nexamp-377,^GACGTCGA...CTAGTCGA$
nexamp-378,^GACGTCGA...AGCTAGAA$
nexamp-379,^GACGTCGA...ACTCTAGG$
nexamp-380,^GACGTCGA...TCTTACGC$
nexamp-381,^GACGTCGA...CTTAATAG$
nexamp-382,^GACGTCGA...ATAGCCTT$
nexamp-383,^GACGTCGA...TAAGGCTC$
nexamp-384,^GACGTCGA...TCGCATAA$
nexamp-385,^TCGCCTTA...AAGGTTCA$
nexamp-386,^TCGCCTTA...ACTTAGCA$
nexamp-387,^TCGCCTTA...AGAGAACA$
nexamp-388,^TCGCCTTA...GTGTCTTA$
nexamp-389,^TCGCCTTA...TCGATTAG$
nexamp-390,^TCGCCTTA...TGTTCTAG$
nexamp-391,^TCGCCTTA...GGAACTTA$
nexamp-392,^TCGCCTTA...TAGGTCTA$
nexamp-393,^CTAGTACG...AAGGTTCA$
nexamp-394,^CTAGTACG...ACTTAGCA$
nexamp-395,^CTAGTACG...AGAGAACA$
nexamp-396,^CTAGTACG...GTGTCTTA$
nexamp-397,^CTAGTACG...TCGATTAG$
nexamp-398,^CTAGTACG...TGTTCTAG$
nexamp-399,^CTAGTACG...GGAACTTA$
nexamp-400,^CTAGTACG...TAGGTCTA$
nexamp-401,^TTCTGCCT...AAGGTTCA$
nexamp-402,^TTCTGCCT...ACTTAGCA$
nexamp-403,^TTCTGCCT...AGAGAACA$
nexamp-404,^TTCTGCCT...GTGTCTTA$
nexamp-405,^TTCTGCCT...TCGATTAG$
nexamp-406,^TTCTGCCT...TGTTCTAG$
nexamp-407,^TTCTGCCT...GGAACTTA$
nexamp-408,^TTCTGCCT...TAGGTCTA$
nexamp-409,^GCTCAGGA...AAGGTTCA$
nexamp-410,^GCTCAGGA...ACTTAGCA$
nexamp-411,^GCTCAGGA...AGAGAACA$
nexamp-412,^GCTCAGGA...GTGTCTTA$
nexamp-413,^GCTCAGGA...TCGATTAG$
nexamp-414,^GCTCAGGA...TGTTCTAG$
nexamp-415,^GCTCAGGA...GGAACTTA$
nexamp-416,^GCTCAGGA...TAGGTCTA$
nexamp-417,^AGGAGTCC...AAGGTTCA$
nexamp-418,^AGGAGTCC...ACTTAGCA$
nexamp-419,^AGGAGTCC...AGAGAACA$
nexamp-420,^AGGAGTCC...GTGTCTTA$
nexamp-421,^AGGAGTCC...TCGATTAG$
nexamp-422,^AGGAGTCC...TGTTCTAG$
nexamp-423,^AGGAGTCC...GGAACTTA$
nexamp-424,^AGGAGTCC...TAGGTCTA$
nexamp-425,^CATGCCTA...AAGGTTCA$
nexamp-426,^CATGCCTA...ACTTAGCA$
nexamp-427,^CATGCCTA...AGAGAACA$
nexamp-428,^CATGCCTA...GTGTCTTA$
nexamp-429,^CATGCCTA...TCGATTAG$
nexamp-430,^CATGCCTA...TGTTCTAG$
nexamp-431,^CATGCCTA...GGAACTTA$
nexamp-432,^CATGCCTA...TAGGTCTA$
nexamp-433,^GTAGAGAG...AAGGTTCA$
nexamp-434,^GTAGAGAG...ACTTAGCA$
nexamp-435,^GTAGAGAG...AGAGAACA$
nexamp-436,^GTAGAGAG...GTGTCTTA$
nexamp-437,^GTAGAGAG...TCGATTAG$
nexamp-438,^GTAGAGAG...TGTTCTAG$
nexamp-439,^GTAGAGAG...GGAACTTA$
nexamp-440,^GTAGAGAG...TAGGTCTA$
nexamp-441,^CAGCCTCG...AAGGTTCA$
nexamp-442,^CAGCCTCG...ACTTAGCA$
nexamp-443,^CAGCCTCG...AGAGAACA$
nexamp-444,^CAGCCTCG...GTGTCTTA$
nexamp-445,^CAGCCTCG...TCGATTAG$
nexamp-446,^CAGCCTCG...TGTTCTAG$
nexamp-447,^CAGCCTCG...GGAACTTA$
nexamp-448,^CAGCCTCG...TAGGTCTA$
nexamp-449,^TGCCTCTT...AAGGTTCA$
nexamp-450,^TGCCTCTT...ACTTAGCA$
nexamp-451,^TGCCTCTT...AGAGAACA$
nexamp-452,^TGCCTCTT...GTGTCTTA$
nexamp-453,^TGCCTCTT...TCGATTAG$
nexamp-454,^TGCCTCTT...TGTTCTAG$
nexamp-455,^TGCCTCTT...GGAACTTA$
nexamp-456,^TGCCTCTT...TAGGTCTA$
nexamp-457,^TCCTCTAC...AAGGTTCA$
nexamp-458,^TCCTCTAC...ACTTAGCA$
nexamp-459,^TCCTCTAC...AGAGAACA$
nexamp-460,^TCCTCTAC...GTGTCTTA$
nexamp-461,^TCCTCTAC...TCGATTAG$
nexamp-462,^TCCTCTAC...TGTTCTAG$
nexamp-463,^TCCTCTAC...GGAACTTA$
nexamp-464,^TCCTCTAC...TAGGTCTA$
nexamp-465,^TCATGAGC...AAGGTTCA$
nexamp-466,^TCATGAGC...ACTTAGCA$
nexamp-467,^TCATGAGC...AGAGAACA$
nexamp-468,^TCATGAGC...GTGTCTTA$
nexamp-469,^TCATGAGC...TCGATTAG$
nexamp-470,^TCATGAGC...TGTTCTAG$
nexamp-471,^TCATGAGC...GGAACTTA$
nexamp-472,^TCATGAGC...TAGGTCTA$
nexamp-473,^CCTGAGAT...AAGGTTCA$
nexamp-474,^CCTGAGAT...ACTTAGCA$
nexamp-475,^CCTGAGAT...AGAGAACA$
nexamp-476,^CCTGAGAT...GTGTCTTA$
nexamp-477,^CCTGAGAT...TCGATTAG$
nexamp-478,^CCTGAGAT...TGTTCTAG$
nexamp-479,^CCTGAGAT...GGAACTTA$
nexamp-480,^CCTGAGAT...TAGGTCTA$
nexamp-481,^TAGCGAGT...AAGGTTCA$
nexamp-482,^TAGCGAGT...ACTTAGCA$
nexamp-483,^TAGCGAGT...AGAGAACA$
nexamp-484,^TAGCGAGT...GTGTCTTA$
nexamp-485,^TAGCGAGT...TCGATTAG$
nexamp-486,^TAGCGAGT...TGTTCTAG$
nexamp-487,^TAGCGAGT...GGAACTTA$
nexamp-488,^TAGCGAGT...TAGGTCTA$
nexamp-489,^GTAGCTCC...AAGGTTCA$
nexamp-490,^GTAGCTCC...ACTTAGCA$
nexamp-491,^GTAGCTCC...AGAGAACA$
nexamp-492,^GTAGCTCC...GTGTCTTA$
nexamp-493,^GTAGCTCC...TCGATTAG$
nexamp-494,^GTAGCTCC...TGTTCTAG$
nexamp-495,^GTAGCTCC...GGAACTTA$
nexamp-496,^GTAGCTCC...TAGGTCTA$
nexamp-497,^TACTACGC...AAGGTTCA$
nexamp-498,^TACTACGC...ACTTAGCA$
nexamp-499,^TACTACGC...AGAGAACA$
nexamp-500,^TACTACGC...GTGTCTTA$
nexamp-501,^TACTACGC...TCGATTAG$
nexamp-502,^TACTACGC...TGTTCTAG$
nexamp-503,^TACTACGC...GGAACTTA$
nexamp-504,^TACTACGC...TAGGTCTA$
nexamp-505,^AGGCTCCG...AAGGTTCA$
nexamp-506,^AGGCTCCG...ACTTAGCA$
nexamp-507,^AGGCTCCG...AGAGAACA$
nexamp-508,^AGGCTCCG...GTGTCTTA$
nexamp-509,^AGGCTCCG...TCGATTAG$
nexamp-510,^AGGCTCCG...TGTTCTAG$
nexamp-511,^AGGCTCCG...GGAACTTA$
nexamp-512,^AGGCTCCG...TAGGTCTA$
nexamp-513,^GCAGCGTA...AAGGTTCA$
nexamp-514,^GCAGCGTA...ACTTAGCA$
nexamp-515,^GCAGCGTA...AGAGAACA$
nexamp-516,^GCAGCGTA...GTGTCTTA$
nexamp-517,^GCAGCGTA...TCGATTAG$
nexamp-518,^GCAGCGTA...TGTTCTAG$
nexamp-519,^GCAGCGTA...GGAACTTA$
nexamp-520,^GCAGCGTA...TAGGTCTA$
nexamp-521,^CTGCGCAT...AAGGTTCA$
nexamp-522,^CTGCGCAT...ACTTAGCA$
nexamp-523,^CTGCGCAT...AGAGAACA$
nexamp-524,^CTGCGCAT...GTGTCTTA$
nexamp-525,^CTGCGCAT...TCGATTAG$
nexamp-526,^CTGCGCAT...TGTTCTAG$
nexamp-527,^CTGCGCAT...GGAACTTA$
nexamp-528,^CTGCGCAT...TAGGTCTA$
nexamp-529,^GAGCGCTA...AAGGTTCA$
nexamp-530,^GAGCGCTA...ACTTAGCA$
nexamp-531,^GAGCGCTA...AGAGAACA$
nexamp-532,^GAGCGCTA...GTGTCTTA$
nexamp-533,^GAGCGCTA...TCGATTAG$
nexamp-534,^GAGCGCTA...TGTTCTAG$
nexamp-535,^GAGCGCTA...GGAACTTA$
nexamp-536,^GAGCGCTA...TAGGTCTA$
nexamp-537,^CGCTCAGT...AAGGTTCA$
nexamp-538,^CGCTCAGT...ACTTAGCA$
nexamp-539,^CGCTCAGT...AGAGAACA$
nexamp-540,^CGCTCAGT...GTGTCTTA$
nexamp-541,^CGCTCAGT...TCGATTAG$
nexamp-542,^CGCTCAGT...TGTTCTAG$
nexamp-543,^CGCTCAGT...GGAACTTA$
nexamp-544,^CGCTCAGT...TAGGTCTA$
nexamp-545,^GTCTTAGG...AAGGTTCA$
nexamp-546,^GTCTTAGG...ACTTAGCA$
nexamp-547,^GTCTTAGG...AGAGAACA$
nexamp-548,^GTCTTAGG...GTGTCTTA$
nexamp-549,^GTCTTAGG...TCGATTAG$
nexamp-550,^GTCTTAGG...TGTTCTAG$
nexamp-551,^GTCTTAGG...GGAACTTA$
nexamp-552,^GTCTTAGG...TAGGTCTA$
nexamp-553,^ACTGATCG...AAGGTTCA$
nexamp-554,^ACTGATCG...ACTTAGCA$
nexamp-555,^ACTGATCG...AGAGAACA$
nexamp-556,^ACTGATCG...GTGTCTTA$
nexamp-557,^ACTGATCG...TCGATTAG$
nexamp-558,^ACTGATCG...TGTTCTAG$
nexamp-559,^ACTGATCG...GGAACTTA$
nexamp-560,^ACTGATCG...TAGGTCTA$
nexamp-561,^TAGCTGCA...AAGGTTCA$
nexamp-562,^TAGCTGCA...ACTTAGCA$
nexamp-563,^TAGCTGCA...AGAGAACA$
nexamp-564,^TAGCTGCA...GTGTCTTA$
nexamp-565,^TAGCTGCA...TCGATTAG$
nexamp-566,^TAGCTGCA...TGTTCTAG$
nexamp-567,^TAGCTGCA...GGAACTTA$
nexamp-568,^TAGCTGCA...TAGGTCTA$
nexamp-569,^GACGTCGA...AAGGTTCA$
nexamp-570,^GACGTCGA...ACTTAGCA$
nexamp-571,^GACGTCGA...AGAGAACA$
nexamp-572,^GACGTCGA...GTGTCTTA$
nexamp-573,^GACGTCGA...TCGATTAG$
nexamp-574,^GACGTCGA...TGTTCTAG$
nexamp-575,^GACGTCGA...GGAACTTA$
nexamp-576,^GACGTCGA...TAGGTCTA$
UDP0001,^CGCTCAGTTC...CGCTCCACGA$
UDP0002,^TATCTGACCT...TATCTTGTAG$
UDP0003,^ATATGAGACG...AGCTACTATA$
UDP0004,^CTTATGGAAT...CCACCAGGCA$
UDP0005,^TAATCTCGTC...AGGATAATGT$
UDP0006,^GCGCGATGTT...ACAAGTGGAC$
UDP0007,^AGAGCACTAG...TACTGTTCCA$
UDP0008,^TGCCTTGATC...ATTAACAAGG$
UDP0009,^CTACTCAGTC...CACTATCAAC$
UDP0010,^TCGTCTGACT...TGTCGCTGGT$
UDP0011,^GAACATACGG...ACAGTGTATG$
UDP0012,^CCTATGACTC...AGCGCCACAC$
UDP0013,^TAATGGCAAG...CCTTCGTGAT$
UDP0014,^GTGCCGCTTC...AGTAGAGCCG$
UDP0015,^CGGCAATGGA...TCGTGCATTC$
UDP0016,^GCCGTAACCG...CTATAGTCTT$
UDP0017,^AACCATTCTC...TTGCTGCCGA$
UDP0018,^GGTTGCCTCT...CCATCATTAG$
UDP0019,^CTAATGATGG...AGAGGCAACC$
UDP0020,^TCGGCCTATC...GCCATGTGCG$
UDP0021,^AGTCAACCAT...AGGACAGGCC$
UDP0022,^GAGCGCAATA...CCTAACACAG$
UDP0023,^AACAAGGCGT...ACGTTCCTTA$
UDP0024,^GTATGTAGAA...TTACAGTTAG$
UDP0025,^TTCTATGGTT...CCATCTCGCC$
UDP0026,^CCTCGCAACC...TTGCTCTATT$
UDP0027,^TGGATGCTTA...AATGGATTGA$
UDP0028,^ATGTCGTGGT...CCGCATACGA$
UDP0029,^AGAGTGCGGC...CGAGGTCGGA$
UDP0030,^TGCCTGGTGG...ATTCCATAAG$
UDP0031,^TGCGTGTCAC...GTCCGTAAGC$
UDP0032,^CATACACTGT...CCGTATGTTC$
UDP0033,^CGTATAATCA...TGTAATCGAC$
UDP0034,^TACGCGGCTG...CACGGCTAGT$
UDP0035,^GCGAGTTACC...TCACCAACTT$
UDP0036,^TACGGCCGGT...AATATTGCCA$
UDP0037,^GTCGATTACA...CGCGGTGATC$
UDP0038,^CTGTCTGCAC...ACGGATGGTA$
UDP0039,^CAGCCGATTG...TTCCTACAGC$
UDP0040,^TGACTACATA...CATTAGTGCG$
UDP0041,^ATTGCCGAGT...TTCAGTTGTC$
UDP0042,^GCCATTAGAC...CCTGACCACT$
UDP0043,^GGCGAGATGG...AACCATAGAA$
UDP0044,^TGGCTCGCAG...TGGCCGGATT$
UDP0045,^TAGAATAACG...AACCTTATGG$
UDP0046,^TAATGGATCT...TGGTAGAGAT$
UDP0047,^TATCCAGGAC...TTCGCCACCG$
UDP0048,^AGTGCCACTG...CCTATTGTTA$
UDP0049,^GTGCAACACT...CGTGTACCAG$
UDP0050,^ACATGGTGTC...TACACGTTGA$
UDP0051,^GACAGACAGG...TCACAACAGT$
UDP0052,^TCTTACATCA...AAGGACGCAC$
UDP0053,^TTACAATTCC...AGGATGTGCT$
UDP0054,^AAGCTTATGC...TGCGACGGAA$
UDP0055,^TATTCCTCAG...AGTGGTTAAG$
UDP0056,^CTCGTGCGTT...TATCCGAGGC$
UDP0057,^TTAGGATAGA...CCAGTCGACG$
UDP0058,^CCGAAGCGAG...TTGACTAGTA$
UDP0059,^GGACCAACAG...AACGGTCTAT$
UDP0060,^TTCCAGGTAA...CTGGAACTGT$
UDP0061,^TGATTAGCCA...CTACATGCCT$
UDP0062,^TAACAGTGTT...TGAGACTTGC$
UDP0063,^ACCGCGCAAT...GCGGAGCCAA$
UDP0064,^GTTCGCGCCA...AGTATCAGTT$
UDP0065,^AGACACATTA...TATGCCTTAC$
UDP0066,^GCGTTGGTAT...CGCAGCAATT$
UDP0067,^AGCACATCCT...GGAATTGTAA$
UDP0068,^TTGTTCCGTG...GTGCTAGGTT$
UDP0069,^AAGTACTCCA...TCCACACAGA$
UDP0070,^ACGTCAATAC...TTGGAATTCC$
UDP0071,^GGTGTACAAG...AAGCGCGCTT$
UDP0072,^CCACCTGTGT...ACAACGCTCA$
UDP0073,^GTTCCGCAGG...AGCCTATGAT$
UDP0074,^ACCTTATGAA...CCTTCTAACA$
UDP0075,^CGCTGCAGAG...TACATCCATC$
UDP0076,^GTAGAGTCAG...TGACGGCCGT$
UDP0077,^GGATACCAGA...GTAAGCAACG$
UDP0078,^CGCACTAATG...TATGTAGTCA$
UDP0079,^TCCTGACCGT...AACGAGGCCG$
UDP0080,^CTGGCTTGCC...CGGATGCTTG$
UDP0081,^ACCAGCGACA...AGTCAGACGA$
UDP0082,^TTGTAACGGT...TCGCTATGAG$
UDP0083,^GTAAGGCATA...TAATGTGTCT$
UDP0084,^GTCCACTTGT...AACATCGCGC$
UDP0085,^TTAGGTACCA...AGTACTCATG$
UDP0086,^GGAATTCCAA...GTATTGACGT$
UDP0087,^CATGTAGAGG...AGGAGGTATC$
UDP0088,^TACACGCTCC...ACTTACGGAT$
UDP0089,^GCTTACGGAC...AAGATACACG$
UDP0090,^CGCTTGAAGT...TTCATGGTTC$
UDP0091,^CGCCTTCTGA...TATGATGGCC$
UDP0092,^ATACCAACGC...GGAAGTATGT$
UDP0093,^CTGGATATGT...ATTGCACATA$
UDP0094,^CAATCTATGA...CACCTTAATC$
UDP0095,^GGTGGAATAC...TTGTCTACAT$
UDP0096,^TGGACGGAGG...CACCGATGTG$
UDP0097,^CTGACCGGCA...TTGTATCAGG$
UDP0098,^GAATTGAGTG...CACAACTTAA$
UDP0099,^GCGTGTGAGA...TCACTGTCCG$
UDP0100,^TCTCCATTGA...GTTGTAGTGC$
UDP0101,^ACATGCATAT...CCAGGCACCA$
UDP0102,^CAGGCGCCAT...AGGCCGTGGA$
UDP0103,^ACATAACGGA...TACACTACAA$
UDP0104,^TTAATAGACC...CGTGTCGTGG$
UDP0105,^ACGATTGCTG...ATACATCACA$
UDP0106,^TTCTACAGAA...TATTGCGCTC$
UDP0107,^TATTGCGTTC...ACAGTAAGAT$
UDP0108,^CATGAGTACT...ACCACGACAT$
UDP0109,^TAATTCTACC...TGATGGCTAC$
UDP0110,^ACGCTAATTA...TTCTTAACCA$
UDP0111,^CCTTGTTAAT...ACGAACAACA$
UDP0112,^GTAGCCATCA...ATGTTGTTGG$
UDP0113,^CTTGTAATTC...CTGAGCCGGT$
UDP0114,^TCCAATTCTA...TCAGATTAAC$
UDP0115,^AGAGCTGCCT...ACGTTAGCCG$
UDP0116,^CTTCGCCGAT...AATTCTTGGA$
UDP0117,^TCGGTCACGG...CAACGTTCGG$
UDP0118,^GAACAAGTAT...TCGGCGGTTA$
UDP0119,^AATTGGCGGA...CAGCACGGAG$
UDP0120,^GGCCTGTCCT...AGCTGGAATG$
UDP0121,^TAGGTTCTCT...TAGCATAACC$
UDP0122,^ACACAATATC...ACCGTGTGGT$
UDP0123,^TTCCTGTACG...AGAGAACCTA$
UDP0124,^GGTAACGCAG...TCGAGCCATA$
UDP0125,^TCCACGGCCT...AACGCACGAG$
UDP0126,^GATACCTCCT...TGCCAACTGG$
UDP0127,^CAACGTCAGC...AATGCGAACA$
UDP0128,^CGGTTATTAG...CGATGCGGTT$
UDP0129,^CGCGCCTAGA...TTAACCTTCG$
UDP0130,^TCTTGGCTAT...CAGTGGCACT$
UDP0131,^TCACACCGAA...ATACTTGTTC$
UDP0132,^AACGTTACAT...CAGCAATCGT$
UDP0133,^CGGCCTCGTT...ATCCAGGTAT$
UDP0134,^CATAACACCA...TAGAATTGGA$
UDP0135,^ACAGAGGCCA...CGCTGTCTCA$
UDP0136,^TGGTGCCTGG...TAATTAGCGT$
UDP0137,^TAGGAACCGG...CTCGAATATA$
UDP0138,^AATATTGGCC...TATCGGACCG$
UDP0139,^ATAGGTATTC...ACTCTATTGT$
UDP0140,^CCTTCACGTA...CTAATAACCG$
UDP0141,^GGCCAATAAG...ACTTGTTATC$
UDP0142,^CAGTAGTTGT...TGTGATAACT$
UDP0143,^TTCATCCAAC...TTACCTGGAA$
UDP0144,^CAATTGGATT...CCTCTACATG$
UDP0145,^GGCCATCATA...TATGACAATC$
UDP0146,^AATTGCTGCG...ATAGCGGAAT$
UDP0147,^TAAGGAACGT...CACAGCGGTC$
UDP0148,^CTATACGCGG...CCGGTTCCTA$
UDP0149,^ATTCAGAATC...GTCCACCGCT$
UDP0150,^GTATTCTCTA...CGAATCTATA$
UDP0151,^CCTGATACAA...TGGCCTCTGT$
UDP0152,^GACCGCTGTG...CAATAGGAAT$
UDP0153,^TTCAGCGTGG...CTGAGGAATA$
UDP0154,^AACTCCGAAC...TCAGAAGGCG$
UDP0155,^ATTCCGCTAT...TACTCTGCGC$
UDP0156,^TGAATATTGC...AATTGGCGCC$
UDP0157,^CGCAATCTAG...CGCCATATCT$
UDP0158,^AACCGCATCG...ACCAAGCAGG$
UDP0159,^CTAGTCCGGA...ATTGTTCGTC$
UDP0160,^GCTCCGTCAC...TGGACCGCCA$
UDP0161,^AGATGGAATT...GTAACTGAAG$
UDP0162,^ACACCGTTAA...ACGGTCAGGA$
UDP0163,^GATAACAAGT...TCTAGGCGCG$
UDP0164,^CTGGTACACG...AACTTATCCT$
UDP0165,^CGAAGGTTAA...TGTCTGGCCT$
UDP0166,^ATCGCATATG...CCGTTCAAGG$
UDP0167,^ATCATAGGCT...GTAGGTGGTG$
UDP0168,^GATTGTCATA...ATACAAGCAA$
UDP0169,^CCAACAACAT...TCATAGATTG$
UDP0170,^TTGGTGGTGC...ATCAGTACCA$
UDP0171,^GCGAACGCCT...GTTGGATGAA$
UDP0172,^CAACCGGAGG...TGGTGTTATG$
UDP0173,^AGCGGTGGAC...GCTAATAGGA$
UDP0174,^GACGAACAAT...AATCTAGAGA$
UDP0175,^CCACTGGTCC...TAGGCTCGCG$
UDP0176,^TGTTAGAAGG...AGAGCTTATC$
UDP0177,^TATATTCGAG...TCGACATCTC$
UDP0178,^CGCGACGATC...ACATATCCAG$
UDP0179,^GCCTCGGATA...CTTATTGGCC$
UDP0180,^TGAGACAGCG...GGTGAGTAAT$
UDP0181,^TGTTCGCATT...TCCGCCAATT$
UDP0182,^TCCAAGAATT...AAGTTGACAA$
UDP0183,^GCTGTAGGAA...AGAATTCGCC$
UDP0184,^ATACCTGGAT...GCTGACGTTG$
UDP0185,^GTTGGACCGT...TGATGTAAGA$
UDP0186,^ACCAAGTTAC...AGGTATGGCG$
UDP0187,^GTGTGGCGCT...AAGACATTAG$
UDP0188,^GGCAGTAGCA...CCTCCGGTTG$
UDP0189,^TGCGGTGTTG...TGCTACTGCC$
UDP0190,^GATTAAGGTG...TCTATCCTAA$
UDP0191,^CAACATTCAA...CTAGATTGCG$
UDP0192,^GTGTTACCGG...AGTACAACTC$
UDP0193,^TATCATGAGA...TCCACGTGTT$
UDP0194,^CTTGGCCTCG...CCGGTAACAC$
UDP0195,^GTCTCGTGAA...GTAACAATCT$
UDP0196,^CCATCCACGC...CATTGGTCAA$
UDP0197,^ACAACCAGGA...TGCCGGTCAG$
UDP0198,^AGCAGAATTA...ATTGATGAGA$
UDP0199,^CAGTCGTGCG...CTGTTGGTCC$
UDP0200,^GTCTAACCTC...GCAATACATT$
UDP0201,^GAACTCGGTT...TCCAGAGATC$
UDP0202,^AGTTATCACA...ATGGCGCCTG$
UDP0203,^GTAGCATACT...GGTCTATTAA$
UDP0204,^CTTCAGTTAC...TCGCGACTCC$
UDP0205,^AGTCCGAGGA...CTCTGGCGTT$
UDP0206,^ACAGTTCCAG...GTTAATTACG$
UDP0207,^CCGCATATTC...TCAGTCTCGT$
UDP0208,^TTATCCGATC...CGGCCGATAC$
UDP0209,^ATAGTCTAGC...ATGTCGTATT$
UDP0210,^TATAGTAGCT...GCCATATAAC$
UDP0211,^ACTCCGGTGG...CATGGCAGGC$
UDP0212,^GTGCGGTAAG...ATAGGTCTTA$
UDP0213,^GATATCCTAA...CCATGGTATA$
UDP0214,^TCGCGTATAA...AACAGACGGC$
UDP0215,^ATTCTAAGCG...TATCACTCTG$
UDP0216,^AGCGCTTCGG...ATAGTTAGCA$
UDP0217,^GTTGATAGTG...CATTAACTGA$
UDP0218,^AATAGAGCAA...TCAAGGTCAC$
UDP0219,^CTAACTGTAA...ATATGCATGT$
UDP0220,^GCGTACTTAG...TAGGTATGTT$
UDP0221,^TACCGAACTA...CTACACATGG$
UDP0222,^GTAGTAATAG...GGAGAGACTC$
UDP0223,^GGTTATGCTA...TGCGCATAGC$
UDP0224,^ACAATAGAGT...CATATGCGAT$
UDP0225,^GCTTCCACTA...TATAGGTACT$
UDP0226,^AGATATGGCG...ATCTCCGGTC$
UDP0227,^AATATGAAGC...AGGCTGAACG$
UDP0228,^TAGCGCTAGT...GAGGAAGTAA$
UDP0229,^AGTTAAGAGC...GGTGGACGTG$
UDP0230,^CAGATACCAC...AGATAGTAGC$
UDP0231,^ACGGCCGTCA...ATGGTTGACT$
UDP0232,^GTAATTACTG...TACCGCCTCG$
UDP0233,^AAGTCTTGTA...TGAACACCTG$
UDP0234,^GTCACCACAG...CCTGTCTGTC$
UDP0235,^ATTAGTGGAG...AACAAGTACA$
UDP0236,^TGCTAACTAT...CTACTTAGAG$
UDP0237,^TAAGACCTAT...CTGTGGTGAC$
UDP0238,^TGGTTAAGAA...GGTATGTAGA$
UDP0239,^ACTCTTCCTT...GCCTAACGTG$
UDP0240,^GTCTCCTTCC...AGACTCACCA$
UDP0241,^TCCGCGTTCA...TCCTTCGAAG$
UDP0242,^AGGTTGCAGG...CTGACTCTAC$
UDP0243,^GAACCATGAA...TGACAATGTC$
UDP0244,^TTGAGAGGAT...GCCTTGCGGA$
UDP0245,^TGGTCTAGTG...ATAAGGCAGT$
UDP0246,^AGTGGATAAT...TACGTGCGTA$
UDP0247,^GGCACGCCAT...ACTTCAAGCG$
UDP0248,^GATCTCTGGA...TGAAGTGCAG$
UDP0249,^TGCTGGACAT...TTGTCCGCTG$
UDP0250,^CCGAACGTTG...ATGCGGATCC$
UDP0251,^ATTAATACGC...CAACACCGCA$
UDP0252,^TAGTCACAAC...TCCGTTATGT$
UDP0253,^GGTATTGAGA...CGCGAACGTC$
UDP0254,^CAAGATGCTT...TTGTTGAATG$
UDP0255,^ACGAGACTGA...ATAATCCGTG$
UDP0256,^TTATCTTGCA...CCGTCCTCAA$
UDP0257,^AGATTGTTAC...GTATACAGAG$
UDP0258,^TCTACCGCTG...CACCTGTTGC$
UDP0259,^AACGGTATGA...CTGCGTTACC$
UDP0260,^CAATGGCGCC...ATTGCGCGGT$
UDP0261,^CTAATTCGCT...TGTTCCGGCT$
UDP0262,^CATGGTCTAA...CTTCCTAGGA$
UDP0263,^ATACTGTGTG...TTAGGCTCAA$
UDP0264,^GCCGACAAGA...ACACAGGTGG$
UDP0265,^CGAGGCGGTA...GGTTGCGAGG$
UDP0266,^GATATAACAG...ACAGCTATAC$
UDP0267,^TCGCCGGTTA...CTAATGTAGC$
UDP0268,^AGACTCTCTT...AAGATTCGTA$
UDP0269,^GCTCGCCTAC...TGCGCTCCTA$
UDP0270,^AGGATAAGTT...ACGCCAGTAC$
UDP0271,^GAGACATAAT...GCTCTTAACT$
UDP0272,^AGCTGTTATA...TTATACGCGA$
UDP0273,^GTATCATTGG...CGGCACACTC$
UDP0274,^AATAGGCCTC...TCCGGACTAG$
UDP0275,^CCGCTTAGCT...GCGTATTAAT$
UDP0276,^TCCTAGGAAG...ATACTCTAGG$
UDP0277,^TCACAGATCG...AGTCTTCCTA$
UDP0278,^ACTTGTCCAC...AAGGCCACGG$
UDP0279,^TGTACTTGTT...GGATATATCC$
UDP0280,^CACTTAATCT...CCAAGAGGTG$
UDP0281,^CAGAGTGATA...ATGTAACGTT$
UDP0282,^GGCGAATTCT...GAGCTTGCCG$
UDP0283,^AGTGGTCAGG...ATAGCCAAGA$
UDP0284,^CATTCCAGCT...CGCATTCCGT$
UDP0285,^CTCGTTATCA...CCTGCGGAAC$
UDP0286,^CCTTACTATG...GTAACTTGGT$
UDP0287,^AGAAGCCAAT...CTGCGAGCCA$
UDP0288,^TAATCGGTAC...AACGTTAGTT$
UDP0289,^GGAATTGTTC...TCCAACTCTA$
UDP0290,^CCGGACCACA...CTAGTGCTCT$
UDP0291,^GACTTAGAAG...CCTGTAGAGT$
UDP0292,^TGGCAATATT...GGTGTCACCG$
UDP0293,^GAATGCACGA...ATACCAACGC$
UDP0294,^CGTGTATCTT...TGTTAGCACA$
UDP0295,^ATTCATTGCA...TTACTTCTGG$
UDP0296,^TCCTTCATAG...CAGGTATAAG$
UDP0297,^TCTAGTCTTC...AAGTTCTAGT$
UDP0298,^CTCGACTCCT...GTAAGCCTAA$
UDP0299,^AGTGAGTGAA...TCTCATGATA$
UDP0300,^GAAGCGGACC...CTTGTGTGAG$
UDP0301,^GCTCTCGTTG...CACTCAATTC$
UDP0302,^GGACCTCAAT...ATATAATCCG$
UDP0303,^GAGTCTCTCC...TCTGCTTCAA$
UDP0304,^AACGGAGCGG...CTTCGCCGTA$
UDP0305,^TGTGATGTAT...TCAATGGAGA$
UDP0306,^AACATACCTA...CTTGGTCTCG$
UDP0307,^GTGCTAGGTG...ATGTCCAGCA$
UDP0308,^CATACTTGAA...CGATACCATC$
UDP0309,^CTTGTCTTAA...CAATTAAGCC$
UDP0310,^AAGAGAGGTG...AGGAGTCGAG$
UDP0311,^TGCACGAGAA...CTCTGTGTAT$
UDP0312,^ACTTCCTAGC...TCGTCCGAGA$
UDP0313,^GTGCTATTAA...CAGACGTGGT$
UDP0314,^AGCGTGAATG...TGAGTACAAC$
UDP0315,^CCTTAGTGCC...GTTGACCTGA$
UDP0316,^TGTACCGAAT...TCCTCGGACT$
UDP0317,^GGAGATTAGT...AGATTAAGTG$
UDP0318,^TACTAACACA...TAACAGAGTA$
UDP0319,^TAGGTCGTTG...ATCGAGTCGC$
UDP0320,^ATGCCGACCG...CCTTGCCTAG$
UDP0321,^CTAGCGTCGA...TTCGAAGAGG$
UDP0322,^TGCCTACGAG...AAGAGGATGA$
UDP0323,^ACTAGAACTT...TTATCTTACC$
UDP0324,^CACCTCTTGG...CTGGCTCGTT$
UDP0325,^AAGCAGATAT...AGATTGTCTA$
UDP0326,^GCCAGATCCA...TTCAGCATTG$
UDP0327,^TTGGATTCAA...ACACCGTGAC$
UDP0328,^ACTAGCCGTG...CTTGTACACC$
UDP0329,^CGGCAAGCTC...CCTGCAACCT$
UDP0330,^GAAGCTAGCT...CTCCGTATTA$
UDP0331,^ACAAGGATTG...TGCGTCTTCG$
UDP0332,^GCAACAGGTG...ATGTGTCAAT$
UDP0333,^CAAGGTGACG...CAATCGGCTG$
UDP0334,^ACCAGTCATT...ACGCGTGAGA$
UDP0335,^CCGGAATCAT...CACGTCAGAG$
UDP0336,^TTGAGCCTAA...TTCCATTCGA$
UDP0337,^CCACCTTACA...CCAAGGCCTT$
UDP0338,^GTTGCAGTTG...GTTGCGTTCA$
UDP0339,^TCACTCATGT...AGCTAAGCGG$
UDP0340,^GACTGGTTGC...TTCCTCGGTG$
UDP0341,^ATCGTCGCTC...TGATTATACG$
UDP0342,^GGTGCGTTCG...GTTCTGTCAT$
UDP0343,^CGGCGTAAGA...TGCAATGAAT$
UDP0344,^GACATCAGCT...CAGGACATGA$
UDP0345,^ACTAATTCAG...CGATCGAATT$
UDP0346,^TTCCTCCTTA...AATGTCGGAA$
UDP0347,^TGTGTAAGCT...GGTCGTGCCA$
UDP0348,^GTGGCTGGTT...GTGCTGTGGC$
UDP0349,^TCGACTTAAG...ACAACTACTG$
UDP0350,^CACGTTAGGC...CTTGAGAGCT$
UDP0351,^TGAAGTAAGT...TAATTCCAGA$
UDP0352,^ACGGAATGCG...CTCCACTAAT$
UDP0353,^GTGTGATATC...ACATATAGTC$
UDP0354,^ACACAGCGCT...GTTCCGAACG$
UDP0355,^AGCGCGGTGA...CTAGTATCGA$
UDP0356,^CAAGGCTATC...CATTGTGGTA$
UDP0357,^TGCGTCCAGG...TGGTATACCA$
UDP0358,^AGGTGCGTAA...CAACGAGAGC$
UDP0359,^GCAGCAACGA...TTCACGAGAC$
UDP0360,^ATCCTTGTCG...AGGTGGCCTT$
UDP0361,^GAAGGTACAC...TAGCTCACAG$
UDP0362,^TTGGCCAGGT...CGATCTGTGA$
UDP0363,^AGGCCAGACA...ATTGGCTTCT$
UDP0364,^AGCATTAACT...CGGCTGCAGT$
UDP0365,^ATTACTCACC...ACTAGATGTT$
UDP0366,^GCGCAGAGTA...CATAGTAAGG$
UDP0367,^CGCCATACCT...GTCTCGCCAC$
UDP0368,^GCAGGCTGGA...TGGATCTGGC$
UDP0369,^GTTATATGGC...GATATTGTGT$
UDP0370,^CACTCGCACT...ATTACCTCCA$
UDP0371,^ACCGGCTCAG...TACGTGAAGG$
UDP0372,^ATAGACCGTT...CCGCGTATAG$
UDP0373,^TGAACGCAAC...CAACTGCAAC$
UDP0374,^GTGGTTGAAG...AGGCGCATAA$
UDP0375,^ACTGAATAGA...TGTACTGAGA$
UDP0376,^GGACGTCTTG...TCCGTATACT$
UDP0377,^GTTGTACTCA...GTCCAAGCGT$
UDP0378,^AGAACCGCGG...AATCTACTCC$
UDP0379,^CAGTATCAAT...GGAGCGTGTA$
UDP0380,^TCCATAATCC...CTCTATCGGA$
UDP0381,^ATGAGAACCA...CGGCCTTGAG$
UDP0382,^TCGTGGTTGA...TATGAACTTG$
UDP0383,^CAAGTTCATA...CCTAAGGATT$
UDP0384,^CTTAACCACT...GTATTCCACC$
NB01,^CACAAAGACACCGACAACTTTCTT...AAGAAAGTTGTCGGTGTCTTTGTG$
NB02,^ACAGACGACTACAAACGGAATCGA...TCGATTCCGTTTGTAGTCGTCTGT$
NB03,^CCTGGTAACTGGGACACAAGACTC...GAGTCTTGTGTCCCAGTTACCAGG$
NB04,^TAGGGAAACACGATAGAATCCGAA...TTCGGATTCTATCGTGTTTCCCTA$
NB05,^AAGGTTACACAAACCCTGGACAAG...CTTGTCCAGGGTTTGTGTAACCTT$
NB06,^GACTACTTTCTGCCTTTGCGAGAA...TTCTCGCAAAGGCAGAAAGTAGTC$
NB07,^AAGGATTCATTCCCACGGTAACAC...GTGTTACCGTGGGAATGAATCCTT$
NB08,^ACGTAACTTGGTTTGTTCCCTGAA...TTCAGGGAACAAACCAAGTTACGT$
NB09,^AACCAAGACTCGCTGTGCCTAGTT...AACTAGGCACAGCGAGTCTTGGTT$
NB10,^GAGAGGACAAAGGTTTCAACGCTT...AAGCGTTGAAACCTTTGTCCTCTC$
NB11,^TCCATTCCCTCCGATAGATGAAAC...GTTTCATCTATCGGAGGGAATGGA$
NB12,^TCCGATTCTGCTTCTTTCTACCTG...CAGGTAGAAAGAAGCAGAATCGGA$
NB13,^AGAACGACTTCCATACTCGTGTGA...TCACACGAGTATGGAAGTCGTTCT$
NB14,^AACGAGTCTCTTGGGACCCATAGA...TCTATGGGTCCCAAGAGACTCGTT$
NB15,^AGGTCTACCTCGCTAACACCACTG...CAGTGGTGTTAGCGAGGTAGACCT$
NB16,^CGTCAACTGACAGTGGTTCGTACT...AGTACGAACCACTGTCAGTTGACG$
NB17,^ACCCTCCAGGAAAGTACCTCTGAT...ATCAGAGGTACTTTCCTGGAGGGT$
NB18,^CCAAACCCAACAACCTAGATAGGC...GCCTATCTAGGTTGTTGGGTTTGG$
NB19,^GTTCCTCGTGCAGTGTCAAGAGAT...ATCTCTTGACACTGCACGAGGAAC$
NB20,^TTGCGTCCTGTTACGAGAACTCAT...ATGAGTTCTCGTAACAGGACGCAA$
NB21,^GAGCCTCTCATTGTCCGTTCTCTA...TAGAGAACGGACAATGAGAGGCTC$
NB22,^ACCACTGCCATGTATCAAAGTACG...CGTACTTTGATACATGGCAGTGGT$
NB23,^CTTACTACCCAGTGAACCTCCTCG...CGAGGAGGTTCACTGGGTAGTAAG$
NB24,^GCATAGTTCTGCATGATGGGTTAG...CTAACCCATCATGCAGAACTATGC$
