location	Abondant	48.790785	1.420178
location	Accra	5.591875	-0.184552
location	Adams County	43.973540	-89.755486
location	Aichi	35.067543	137.334061
location	Alajuela	10.0159	-84.2142
location	Albany County	42.601369	-73.973601
location	Allamakee County	43.286290	-91.352362
location	Anchorage	61.203109	-149.888095
location	Andel	51.7851	5.0549
location	Arbre	50.611772	3.817121
location	Asnières-sur-Seine	48.911508	2.284362
location	Asotin County	46.1460	-117.2085
location	Auckland	-36.8314	174.7606
location	Bahia Blanca	-38.7183	-62.2663
location	Bangkok	13.803139	100.491612
location	Bassilly	50.675907	3.933169
location	Beijing	40.071320	116.406908
location	Benton County	36.2662	-94.4800
location	Bergen County	40.9263	-74.0770
location	Berlicum	51.6789	5.4012
location	Bierset	50.656953	5.454009
location	Blandain	50.624503	3.303954
location	Blaricum	52.2727	5.2481
location	Boston	42.354750	-71.061299
location	Bourg-en-Bresse	46.206861	5.229144
location	Braine-le-Chateau	50.677854	4.267574
location	Brasilia	-15.814189	-47.875543
location	Brest	48.398586	-4.493766
location	Brisbane	-27.484246	153.026118
location	Bronx	40.858846	-73.864979
location	Brookfield	43.066515	-88.129450
location	Brooklyn	40.6782	-73.9442
location	Broome County	42.136164	-75.832955
location	Budapest	47.482728	19.084269
location	California	36.357039	-119.690182
location	Campbellsport	43.596732	-88.280763
location	Cardiff	51.476291	-3.178964
location	Carentan	49.302133	-1.250938
location	Cartago	9.8638	-83.9162
location	Cayuga County	42.900990	-76.575649
location	Chateau-Thierry	49.048053	3.390023
location	Chenango County	42.4972	-75.6208
location	Chengdu	30.640989	104.067518
location	Chicago	41.858966	-87.637242
location	Chongqing	29.858721	107.375623
location	Chungcheongnam	36.685948	126.799198
location	Cincinnati	39.122033	-84.515918
location	Clark County	45.778260	-122.491540
location	Clayton	-37.915200	145.127165
location	Clinton County	44.703277	-73.705166
location	Coevorden	52.6614	6.7411
location	Columbus	39.973143	-82.993618
location	Compiègne	49.408175	2.842839
location	Contamines	45.820585	6.727730
location	Cork	51.899	-8.460
location	Couillet	50.391184	4.459113
location	Crépy en Valois	49.234399	2.888491
location	Crouy en Thelle	49.213817	2.320688
location	Cudahy	42.946879	-87.861992
location	Cuesmes	50.435127	3.923209
location	Dalen	52.6994	6.7568
location	Dane county	43.0186	-89.5498
location	Darjeeling	27.028909	88.260898
location	Dasman	29.386491	47.999895
location	Delft	52.0116	4.3571
location	Derbyshire	53.142893	-1.611670
location	Diemen	52.3390	4.9592
location	Dongguan	22.992389	113.744830
location	Duesseldorf	51.22166	6.75289
location	Dutchess County	41.762637	-73.721778
location	East Medinipur	22.037985	87.811563
location	Eielson AFB	64.655387	-147.064620
location	Eindhoven	51.4416	5.4697
location	Elm Grove	43.047975	-88.086157
location	England	52.405994	-1.671707
location	Fairbanks	64.835015	-147.664888
location	Fairfield County	41.2560	-73.3709
location	Feira de Santana	-12.2598	-38.9675
location	Florianopolis	-27.581052	-48.481313
location	Forchies-la-marche	50.435103	4.319844
location	Foshan	23.018766	113.121428
location	Franklin	42.882823	-88.009275
location	Franklin County	44.5926	-74.3388
location	Fuyang	32.904205	115.812367
location	Garches	48.8461	2.1887
location	Ganzhou	25.8307	114.9335
location	Geluwe	50.809763	3.076704
location	Gennevilliers	48.927444	2.292449
location	Gilgit	35.880589	74.448161
location	Glendale	43.129400	-87.930209
location	Gold Coast	-28.019726	153.398160
location	Gondrecourt-le-chateau	48.505557	5.503554
location	Grafton	43.315718	-87.954140
location	Grant County	47.163630	-119.524786
location	Grand Princess Cruise Ship	38.308882	-123.779663
location	Greenfield	42.957786	-88.007122
location	Guangdong	23.615762	114.483257
location	Guangzhou	23.123972	113.292889
location	Gyeonggi	37.397957	127.380864
location	Haarlem	52.3874	4.6462
location	Hangzhou	30.272732	120.154501
location	Hanoi	21.020191	105.836099
location	Hardinxveld	51.8324	4.8336
location	Hardinxveld Giessendam	51.830196	4.840971
location	Haulchin	50.383200	4.081708
location	Havre	50.463797	4.044809
location	Hawali	9.3378	48.0235
location	Hefei	31.806280	117.227234
location	Heinsberg	51.056262	6.113915
location	Heinsberg District	51.0499	6.1163
location	Heredia	9.9981	-84.1198
location	Heverlee	50.861704	4.695889
location	Helmond	51.4793	5.6570
location	Hong Kong	22.3964	114.1095
location	Houten	52.0278	5.1630
location	Huaian	33.574586	119.132155
location	Hudson County	40.741619	-74.059016
location	Huizhou	23.107144	114.457913
location	Hyderabad	17.431807	78.416233
location	Illinois	40.088552	-89.301876
location	Indianapolis	39.7684	-86.1581
location	Jackson	43.325508	-88.167662
location	Jackson County	44.310891	-90.788896
location	Jefferson County	44.063938	-75.903794
location	Jemappes	50.446399	3.898191
location	Jian	27.0876	114.9647
location	Jiujiang	29.7051	116.0019
location	Jingzhou	30.350752	112.237294
location	Joinville	-26.235559	-48.950735
location	Jönköping	57.777979	14.160453
location	Jumet	50.442063	4.436515
location	Juneau	58.541037	-134.236606
location	Juvisy-sur-Orge	48.690609	2.377581
location	Kain	50.637121	3.379162
location	Kaohsiung	22.622632	120.312435
location	Kathmandu	27.712907	85.323557
location	Ketchikan	55.346882	-131.655301
location	King County	47.449221	-121.864246
location	Kirkland	47.679486	-122.206354
location	Kittitas County	47.1750	-120.9319
location	Kolkata	22.543905	88.374991
location	Koersel	51.058003	5.272274
location	Kunming	25.013024	102.866742
location	Kyoto	35.007542	135.768455
location	L'Aquila	42.360082	13.391087
location	La Crosse County	43.8617	-91.1353
location	Ladeuze	50.563047	3.768438
location	Leuven	50.880674	4.700109
location	Levallois-Perret	48.8932	2.2879
location	Lishui	28.460681	119.919147
location	Longjumeau	48.6931	2.2948
location	Loon	51.379197	5.443200
location	Loon op zand	51.625527	5.070262
location	Los Angeles	34.029267	-118.242865
location	Luxembourg	49.607806	6.130375
location	Lyon	45.757870	4.841293
location	Maceio	-9.586654	-35.721537
location	Macon	46.299425	4.822063
location	Manaus	-3.126424	-60.019807
location	Manhattan	40.778542	-73.969920
location	Marin County	38.077277	-122.719060
location	Mason County	47.4251	-123.1951
location	Melbourne	-37.839042	145.076343
location	Mequon	43.226666	-87.973033
location	Meudon la Forêt	48.787126	2.227098
location	Milan	45.474	9.177
location	Milwaukee	43.058555	-87.923530
location	Monroe County	43.940837	-90.605424
location	Montgomery County	42.9155	-74.4526
location	Montignies-Sur-Sambre	50.401302	4.478466
location	Montreux-Chateau	47.607677	6.994181
location	Moussy Le Neuf	49.065806	2.601697
location	Munich	48.155742	11.549380
location	Naarden	52.2953	5.1604
location	Naarden	52.2953	5.1604
location	Nanchang	28.707143	115.874137
location	Nantes	47.203649	-1.552453
location	Nassau County	40.7333	-73.58010
location	Neerpelt	51.228889	5.431667
location	New Berlin	42.969065	-88.129847
location	New Orleans	29.9511	-90.0715
location	New York City	40.695065	-73.993461
location	Nieuwendijk	51.7774	4.8743
location	Niteroi	-22.912156	-43.060953
location	Noisy le Roi	48.852116	2.055226
location	Nootdorp	52.0440	4.3909
location	Nottinghamshire	53.139677	-1.027527
location	Oak Creek	42.878698	-87.901041
location	Oisterwijk	51.568179	5.211873
location	Onondaga County	43.0268	-76.1784
location	Orange County	33.689584	-117.788718
location	Orange County NY	41.394693	-74.289170
location	Orsay	48.703347	2.187373
location	Oss	51.762396	5.530563
location	Paris	48.853884	2.341738
location	Passaic County	40.955105	-74.229353
location	Perth	-31.942741	115.841171
location	Pewaukee	43.061507	-88.237950
location	Phoenix	33.433362	-112.068786
location	Pierce County	47.006605	-122.107847
location	Pingxiang	27.632413	113.892981
location	Pontoise	49.049228	2.098595
location	Poppel	51.445671	5.042493
location	Port Washington	43.382722	-87.885911
location	Privas	44.723301	4.594575
location	Putnam County	41.424102	-73.753622
location	Pu'er	22.807007	100.971896
location	Qingdao	36.171557	120.398496
location	Queens	40.717328	-73.795709
location	Quevaucamps	50.720840	3.289101
location	Quilmes	-34.7206	-58.2546
location	Racine	42.721147	-87.800333
location	Reims	49.253754	4.035860
location	Rennes	48.1173	1.6778
location	Richmond County	40.5795	-74.1502
location	Rio de Janeiro	-22.89445	-43.2099
location	Riyadh	24.705304	46.738279
location	Rockhampton	-23.378823	150.509921
location	Rockland County	41.1489	-73.9830
location	Rome	41.881118	12.492817
location	Rotterdam	51.9244	4.4777
location	Rouen	49.4432	1.1000
location	Rovaniemi	66.501553	25.728919
location	Sacramento County	38.494406	-121.301826
location	Saint Germain en Laye	48.938032	2.094734
location	Saint-Priest	45.704159	4.949456
location	Saint-Thibault-des-Vignes	48.862026	2.674513
location	Saisinne	50.523754	4.035498
location	Saive	50.652941	5.685550
location	San Carlos de Bariloche	-41.1335	-71.3103
location	San Diego	32.733024	-117.143358
location	San Diego County	32.981125	-116.681405
location	San Joaquin County	37.917472	-121.258503
location	San Juan	9.9281	-84.0907
location	San Mateo County	37.438721	-122.348737
location	San Francisco	37.757679	-122.440006
location	Santa Clara County	37.236094	-121.683399
location	Sao Paulo	-23.551096	-46.634874
location	San Rafael	10.0145	-84.0986
location	Saratoga County	43.0324	-73.9360
location	Schenectady County	42.822882	-74.053939
location	Seattle	47.748301	-121.850150
location	Seine-Port	48.551795	2.551916
location	Seoul	37.548278	126.990916
location	Shanghai	31.171447	121.429896
location	Shangrao	28.4549	117.9434
location	Shantou	23.379291	116.700154
location	Shaoguan	24.803789	113.598404
location	Shanwei	22.776721	115.366044
location	Shenzhen	22.639468	114.044046
location	Singapore	1.344189	103.867546
location	Skagit County	48.485784	-121.815524
location	Snohomish County	48.006	-122.0731
location	Solano County	38.295909	-121.928845
location	Sonoma County	38.506902	-122.863769
location	South Milwaukee	42.908266	-87.860903
location	South Yorkshire	53.476171	-1.327867
location	Spicheren	49.192118	6.967399
location	Starnberg	48.0000	11.3390
location	Staten Island	40.592429	-74.149614
location	Strasbourg	48.5734	7.7521
location	Suffolk County	40.9849	-72.6151
location	Sunshine Coast	-26.6500	153.0667
location	Suzhou	31.289911	120.538521
location	Sydney	-33.870747	151.208359
location	Taipei	25.043279	121.565717
location	Taoyuan	24.951706	121.219785
location	Tehatta	23.730511	88.527338
location	Temploux	50.484053	4.753481
location	Tertre	50.466483	3.811510
location	Teramo	42.661036	13.710926
location	Thanh Hoa	19.805359	105.784515
location	Thiensville	43.236206	-87.979679
location	Thise	47.284553	6.079822
location	Thurston County	46.935508	-122.867349
location	Tianmen	30.6510	113.1556
location	Tilburg	51.571419	5.052759
location	Tokyo	35.683441	139.766131
location	Tours	47.404471	0.693908
location	Trazegnies	50.466074	4.334811
location	Tweed Heads	-28.201312	153.543425
location	Ulan-Ude	51.827029	107.655954
location	Ulster County	41.8586	-74.3118
location	Umatilla County	45.648981	-118.720688
location	Utrecht	52.0907	5.1214
location	Valence	44.926123	4.900583
location	Valencia	39.337	-0.354
location	Vanves	48.821722	2.288675
location	Venissieux	45.704031	4.882246
location	Verona	45.4384	10.9916
location	Vienne	48.190041	16.382686
location	Vila Velha	-20.3472	-40.2823
location	Villerot	50.485709	3.791108
location	Wandre	50.667253	5.661576
location	Washington County	43.303560	-73.428260
location	Wauwatosa	43.054646	-88.039969
location	Westchester County	41.1220	-73.7949
location	Whatcom County	48.830959	-121.791189
location	Whitefish Bay	43.111041	-87.901408
location	Winksele	50.897244	4.644376
location	Winneshiek County	43.288933	-91.839928
location	Winona County	43.993965	-91.799960
location	Wisconsin	44.535145	-89.527762
location	Woippy	49.154613	6.148404
location	Wuhan	30.554807	114.271501
location	Xishuangbanna	21.995	100.837
location	Xinyu	27.8178	114.9173
location	Yakima County	46.430431	-120.711765
location	Yangjiang	21.888814	111.972598
location	Yernee-fraineux	50.528091	5.383570
location	Yongchuan	29.374774	105.925391
location	Yorkshire	53.3833	-1.4599
location	Zeewolde	52.3311	5.5405
location	Zhanjiang	21.229510	110.393313
location	Zhengzhou	34.714074	113.621939
location	Zhongshan	22.542629	113.390864
location	Zhongxian	30.323947	108.012855
location	Zhuhai	22.271346	113.562879



division	Aargau	47.420629	8.172097
division	Aatalunya	41.670376	1.657348
division	Abruzzo	42.192	13.7289
division	Africa	4.070194	21.824559
division	Afyon	38.752653	30.553661
division	Aichi	35.067543	137.334061
division	Aksaray	38.44611	33.878216
division	Alagoas	-9.74863	-36.417626
division	Alaska	65.797699	-152.214189
division	Algeria	28.0000272	2.9999825
division	Alken	50.877283	5.289834
division	Amazonas State	-5.423668	-64.567836
division	Amman	31.9539	35.9106
division	Andalusia	37.5443	-4.7278
division	Andel	51.7851	5.0549
division	Andenne	50.487207	5.056619
division	Anderlecht	50.829058	4.29586
division	Anhui	31.754331	117.211441
division	Ankara	39.949377	32.854736
division	Antioquia	6.709191	-75.484721
division	Antwerp	51.225698	4.420885
division	Argentina	-34	-64
division	Arizona	34.220707	-111.657462
division	Asia	30.451098	86.654576
division	Asse	50.9094	4.2005
division	Ath	50.646122	3.770363
division	Athens	37.987832	23.726319
division	Auckland	-36.8314	174.7606
division	Australia	-24.7761085	134.755
division	Austria	47.5162	14.5501
division	Auvergne Rhone Alpes	45.126511	5.480724
division	Auvergne-Rhône-Alpes	45.4471	4.3853
division	Baden-Wuerttemberg	48.712618	9.13403
division	Bahia	-12.5797	-41.7007
division	Balikesir	39.650196	27.88958
division	Bangkok	13.798471	100.590834
division	Baranya	46.0485	18.2719
division	Barcelona	41.394769	2.173828
division	Basel	47.559198	7.59064
division	Basel-Stadt	47.557238	7.595666
division	Basque Country	42.9896	-2.6189
division	Bavaria	48.1382614	11.5845093
division	Beersel	50.7669	4.3085
division	Beijing	40.07132	116.406908
division	Belarus	53	28
division	Belgium	50.707735	4.677726
division	Beringen	51.064162	5.224601
division	Berloz	50.703886	5.202112
division	Bern	46.855135	7.570549
division	Bierbeek	50.836502	4.771272
division	Blegny	50.676412	5.704849
division	Blida	36.48329	2.808751
division	Bogota	4.629337	-74.095588
division	Bonheiden	51.01931	4.568699
division	Boufarik	36.57709	2.914137
division	Bourgogne-France-Comté	47.2805	4.9994
division	Boussu	50.425366	3.797692
division	Boutersem	50.833781	4.839596
division	Braine-l alleud	50.667307	4.358179
division	Bratislava	48.1486	17.1077
division	Brazil	-10.3333332	-53.1999999
division	Bree	51.138202	5.631877
division	Bretagne	48.202	2.9326
division	British Columbia	54.010982	-124.745183
division	Brussels	50.8503	4.3517
division	Budapest	47.482728	19.084269
division	Buenos Aires	-34.6037	-58.3816
division	Buryat Republic	52.311711	108.916732
division	California	36.357039	-119.690182
division	Cambodia	13	105
division	Canada	61.0666922	-107.991707
division	Canakkale	40.030844	26.733769
division	Canary Islands	28.2916	-16.6291
division	Castel di Sangro	41.784	14.108
division	Castilla La Mancha	39.2796	-3.0977
division	Castilla y Leon	41.8357	-4.3976
division	Castilla Y León	41.8357	-4.3976
division	Catalunya	41.834815	1.606414
division	Central Hungary	47.360008	19.252798
division	Centre-Val de Loire	47.481221	1.698793
division	Chaineux	50.6317	5.8344
division	Charleroi	50.418039	4.440646
division	Chechen Republic	43.4023	45.7187
division	Chelyabinsk Region	54.4319	60.8789
division	Chiapas	16.520858	-92.643133
division	Chiba	35.463961	140.223882
division	Chihuahua	28.633	-106.0691
division	Chile	-31.7613364	-71.3187696
division	China	33.394333	104.689839
division	Chongqing	29.858721	107.375623
division	Chungcheongnam	36.685948	126.799198
division	Ciudad Autonoma de Buenos Aires	-34.6037	-58.3816
division	Colfontaine	50.40777	3.846237
division	Colombia	2.893108	-73.7845142
division	Comunitat Valenciana	39.337	-0.354
division	Connecticut	41.678117	-72.669773
division	Copenhagen	55.6761	12.5683
division	Cork	51.895349	-8.474381
division	Courcelles	50.469378	4.34449
division	Couthuin	50.5315	5.1225
division	Couvin	50.035063	4.485139
division	Croatia	45.1	15.2
division	Czech Republic	49.8175	15.473
division	Dakar	14.725966	-17.46181
division	Dalhem	50.71948	5.758129
division	Deinze	50.9875	3.5236
division	Democratic Republic of the Congo	-4.0383	21.7587
division	Dendermonde	51.032573	4.099329
division	Denmark	56.2639	9.5018
division	Diamond Princess	35.046935	139.419325
division	Dilbeek	50.8465	4.2621
division	District of Columbia	38.9072	-77.0369
division	Distrito Federal	-15.7998	-47.8645
division	Doha	25.270283	51.52297
division	Doornik	50.616724	3.395329
division	Drenthe	52.846963	6.608915
division	Dublin	53.3431	-6.262191
division	Duesseldorf	51.236437	6.809537
division	Ecuador	-1.3397667	-79.3666964
division	Egypt	26.2540493	29.2675469
division	Ellezelles	50.7338	3.6799
division	Elsene	50.82821	4.371924
division	England	52.405994	-1.671707
division	Eskisehir	39.773703	30.518708
division	Espirito Santo	-19.1834	-40.3089
division	Estado de Mexico	19.4969	-99.7233
division	Estinnes	50.374881	4.103617
division	Estonia	59	26
division	Etterbeek	50.833658	4.394661
division	Eupen	50.6292	6.0337
division	Europe	48.684312	13.651501
division	Europe	49.646237	10.799454
division	Finland	61.751734	26.186437
division	Flanders	51.056536	4.254283
division	Flevoland	52.48851	5.615829
division	Florida	27.6648	-81.5158
division	Fontaine-l Eveque	50.407803	4.322526
division	Frameries	50.389738	3.883946
division	France	46.2276	2.2137
division	Friesland	53.1642	5.7818
division	Friuli Venezia Giulia	46.2259	13.1034
division	Fujian	26.284852	118.122938
division	Galicia	42.5751	-8.1339
division	Gambia	13.5	-15.5
division	Ganshoren	50.873	4.3093
division	Gauteng	-26.199815	28.110057
division	Gavleborgs lan	61.514766	16.400925
division	Gelderland	52.042091	6.01486
division	Genappe	50.603841	4.451737
division	Geneva	46.216038	6.136984
division	Gent	51.04154	3.697961
division	Georgia	32.1656	-82.9001
division	Geraardsbergen	50.777365	3.899454
division	Germany	51.1657	10.4515
division	Ghana	8.0300284	-1.080027
division	Ghent	51.0543	3.7174
division	Gierle	51.2672	4.8677
division	Gilgit Baltistan	35.589113	75.614837
division	Goiais	-15.932272	-49.593573
division	Grand Canary Islands	27.9202	-15.5474
division	Grand Est	48.691467	5.566495
division	Grand Princess	37.579905	-123.67313
division	Graubünden	46.709551	9.606903
division	Greater Accra	5.761619	0.040546
division	Greece	39	22
division	Grimbergen	50.942962	4.375664
division	Guangdong	23.615762	114.483257
division	Guangxi	23.717754	108.701872
division	Guayas	-1.9575	-79.9193
division	Gujarat	22.2587	71.1924
division	Gyeonggi	37.397957	127.380864
division	Halland	56.964727	12.796906
division	Hangzhou	30.2741	120.1551
division	Hasselt	50.925347	5.311394
division	Hauts de France	49.934396	2.783002
division	Havelange	50.359744	5.246545
division	Hawaii	19.8968	-155.5828
division	Hawali	29.3378	48.0235
division	Helden	51.32323	6.012457
division	Helsinki	60.1698848	24.9384991
division	Hemiksem	51.143514	4.339896
division	Henan	33.817629	113.690243
division	Henri-chapelle	50.665958	5.932616
division	Herent	50.91021	4.644197
division	Herselt	51.048723	4.879674
division	Herstal	50.680399	5.606845
division	Herve	50.647665	5.794572
division	Ho Chi Minh City	10.790417	106.653985
division	Hoegaarden	50.7743	4.8927
division	Holsbeek	50.9211	4.757
division	Hong Kong	22.3964	114.1095
division	Honnelles	50.350747	3.714603
division	Houthalen-Helchteren	51.0312	5.3765
division	Hubei	31.095477	112.676644
division	Huldenberg	50.7886	4.5881
division	Hungary	47	20
division	Iceland	64.9841821	-18.1059012
division	Idaho	43.810421	-114.351215
division	Ile De France	48.724751	2.491522
division	Illinois	40.088552	-89.301876
division	India	22.3511148	78.6677428
division	Indiana	40.2672	-86.1349
division	Iowa	41.878	-93.0977
division	Iran	34.5732	51.876
division	Irbid	32.5568	35.8469
division	Ireland	52.865196	-7.9794598
division	Ireland	52.865	-7.979
division	Ishikawa	36.570185	136.732454
division	Israel	31.5	34.75
division	Istanbul	41.0082	28.9784
division	Istria	45.189488	13.889205
division	Italy	43.382775	12.183629
division	Japan	35.68536	139.75309
division	Jiangsu	33.077761	119.825116
division	Jiangxi	27.458973	115.535326
division	Jordan	31.1667049	36.941628
division	Kalmthout	51.383	4.4752
division	Kanagawa	35.403801	139.294288
division	Kansai	34.778675	135.880055
division	Kansas	39.0119	-98.4842
division	Kanto	36.167777	139.170466
division	Karaman	37.165058	33.294127
division	Karnataka	15.3173	75.7139
division	Kastamonu	41.550202	33.742886
division	Kasterlee	51.2405	4.9674
division	Kathmandu	27.712907	85.323557
division	Kaulile	51.1872	5.5257
division	Kayseri	38.7205	35.4826
division	Keelung	25.1276	121.7392
division	Kerala	10.359825	76.39955
division	Kessel-Lo	50.8851	4.7357
division	Khabarovsk Region	50.5888	135
division	Khyber Pakhtunkhwa	33.696621	72.636031
division	Kinshasa	-4.2978	15.2962
division	Knokke-Heist	51.331501	3.308826
division	Kocaeli	40.886367	29.905212
division	Kochi	33.518628	133.505674
division	Komen	45.8175	13.7483
division	Konya	37.859743	32.495438
division	Kosice	48.7164	21.2611
division	Kostoliste	48.4467	16.9868
division	Kraainem	50.8611	4.4593
division	Krasnodar Region	45.6415	39.7056
division	Krasnoyarsk Region	64.248	95.1104
division	Kuala Lumpur	3.139	101.6869
division	Kuwait	29.452987	47.447194
division	KwaZulu-Natal	-28.704798	30.693005
division	Kyoto	35.007542	135.768455
division	La Louviere	50.469989	4.158129
division	La Rioja	42.2871	-2.5396
division	La Union	9.7489	-83.7534
division	Lagos	6.54252	3.286661
division	Lanaken	50.884429	5.634002
division	Lapland	67.700017	26.273752
division	Lasne	50.679575	4.463992
division	Latvia	57	25
division	Lazio	41.994328	12.622686
division	Leuven	50.8798	4.7005
division	Liège	50.6326	5.5797
division	Lima	-11.971424	-77.070229
division	Limburg	51.230477	5.956744
division	Limerick	52.662235	-8.627565
division	Linter	50.818098	5.042221
division	Lipetsk Region	52.5265	39.2032
division	Lisbon	38.7223	-9.1393
division	Lithuania	55.41667	24
division	Lombardy	45.4791	9.8452
division	Louisiana	30.9843	-91.9623
division	Louth	53.9508	-6.5406
division	Lubbeek	50.880093	4.821901
division	Lucerne	47.0502	8.3093
division	Lummen	50.995516	5.181081
division	Luxembourg	49.755428	6.119486
division	Madrid	40.4168	-3.7038
division	Malaysia	2.3923759	112.8471939
division	Malopolskie	49.7225	20.2503
division	Manila	14.652678	121.043936
division	Manitoba	55.182879	-97.823531
division	Marche	43.374025	13.161012
division	Martin	49.0617	18.919
division	Maryland	39.0458	-76.6413
division	Massachusetts	42.340741	-71.998513
division	Mbour	14.427132	-16.966574
division	Medellin	6.2486	-75.5742
division	Melbourne	-37.8136	144.9631
division	Merelbeke	50.9945	3.7456
division	Mexico	19.4325301	-99.1332101
division	Mexico City	19.404497	-99.143041
division	Michigan	45.021203	-84.762273
division	Milheeze	51.505685	5.799239
division	Minas gerais	-18.35789	-44.411895
division	Minnesota	46.126042	-94.619581
division	Missouri	37.9643	-91.8318
division	Mons	50.445439	3.962794
division	Montevideo	-34.823827	-56.211799
division	Montigny-le-Tilleul	50.374917	4.371814
division	Moscow	55.7558	37.6173
division	Moscow Region	55.3404	38.2918
division	Mouscron	50.738645	3.23861
division	Munich	48.144747	11.561739
division	Namur	50.457215	4.879493
division	Nara	34.371026	135.887389
division	Nebraska	41.4925	-99.9018
division	Nepal	28	84
division	Netherlands	52.1326	5.2913
division	Nevada	38.8026	-116.4194
division	Nevele	51.0343	3.5474
division	Nevsehir	38.767304	34.698996
division	New Brunswick	46.57077	-66.308191
division	New Hampshire	43.1939	-71.5724
division	New Jersey	40.0583	-74.4057
division	New South Wales	-32.68843	146.228414
division	New Taipei City	25.017	121.4628
division	New York	40.703395	-73.904193
division	New Zealand	-41.500083	172.8344077
division	Newfoundland and Labrador	53.655784	-61.203723
division	Nieuwerkerken	50.882291	5.20403
division	Nigeria	10	8
division	Nonthaburi	13.852511	100.522791
division	Normandie	48.8799	0.1713
division	Normandie	49.05581	0.060987
division	Norrbotten	66.936364	20.341728
division	North America	28.2367447	-97.738017
division	North Brabant	51.4827	5.2322
division	North Carolina	35.7596	-79.0193
division	North Holland	52.5206	4.7885
division	North Rhine Westphalia	51.44	7.705
division	Northern Ireland	54.60219	-6.687146
division	Northern Territory	-19.4914	132.551
division	Norway	64.574131	11.52701029
division	Nottinghamshire	53.134734	-0.989052
division	Nova Scotia	44.879119	-64.020314
division	Novosibirsk Region	55.4467	80.1044
division	Oceania	-25.0562891	152.008576
division	Oevel	51.1387	4.9043
division	Ohio	40.199215	-82.825637
division	Omsk Region	55.0555	73.3167
division	Ontario	44.429	-79.377
division	Oostrozebeke	50.931551	3.338685
division	Orebro lan	59.378174	14.948348
division	Oregon	43.8041	-120.5542
division	Orenburg Region	51.7634	54.6188
division	Orotina	9.9120	-84.5195
division	Osaka	34.64872	135.525013
division	Oslo	59.903687	10.7497
division	Ostergotland	58.402269	15.748012
division	Otago	-45.412319	169.855268
division	Oudergem	50.812905	4.435779
division	Overijssel	52.436273	6.463628
division	Pakistan	30	70
division	Panama	8.3096067	-81.3066245
division	Panama City	8.98333	-79.5166
division	Pays de la Loire	47.640237	-0.647258
division	Pelt	51.210014	5.420519
division	Pennsylvania	41.2033	-77.1945
division	Perm Region	58.017794	56.311058
division	Peru	-10	-75.25
division	Philippines	12.8797	121.774
division	Pichincha	-0.1465	-78.4752
division	Poland	52.0977181	19.0258159
division	Pomorskie	54.2944	18.1531
division	Portugal	39.54046	-8.174701
division	Prague	50.0755	14.4378
division	Primorskiy Region	45.0526	135
division	Prince Edward Island	46.344935	-63.405688
division	Pskov Region	56.7709	29.094
division	Puebla	19.0414	-98.2063
division	Puerto Rico	18.2208	-66.5901
division	Qatar	25.27932	51.52245
division	Quangning	21.21476	107.251514
division	Quaregnon	50.437973	3.859235
division	Queensland	-23.094025	144.192275
division	Queretaro	20.5888	-100.3899
division	Quevy	50.368752	3.945724
division	Quito	-0.18126	-78.4599
division	Ramat Gan	32.0684	34.8248
division	Ravels	51.416526	5.022319
division	Red River Delta	21.010949	105.786621
division	Republic of Buryatia	54.8331	112.4061
division	Republic of Crymea	45.3453	34.4997
division	Republic of Kabardino-Balkaria	43.3932	43.5628
division	Republic of Sakha	66.7613	124.1238
division	Republic of Tatarstan	55.1802	50.7264
division	Reykjavik	64.1445	-21.9418
division	Rhode Island	41.5801	-71.4774
division	Riemst	50.805092	5.589712
division	Riga	56.960679	24.10716
division	Rio de Janeiro	-22.89445	-43.2099
division	Rio Grande do Sul	-29.615543	-53.220125
division	Rio Negro	-40.8261	-63.0266
division	Rixensart	50.7156	4.531
division	Riyadh	23.197563	45.243845
division	Rome	41.9028	12.4964
division	Ronse	50.745879	3.607614
division	Russia	64.6863136	97.7453061
division	Saint-Ghislain	50.483208	3.802415
division	Saint-Petersburg	59.88208	30.3308
division	Saint-Saulve	50.374816	3.569855
division	Saitama	35.909903	139.659758
division	Sakarya	40.753425	30.384694
division	Sakhalin Region	50.691	142.9506
division	Samara Region	53.4184	50.4726
division	Santa Catarina	-27.15767	-49.888561
division	San Rafael	10.0145	-84.0986
division	Santiago	-33.383304	-70.530623
division	Sao Paulo	-23.59806	-46.660537
division	Saskatchewan	53.934278	-106.16006
division	Saudi Arabia	25	45
division	Schoten	51.2498	4.4977
division	Schwyz	47.055398	8.73645
division	Scotland	56.415858	-4.090641
division	Selangor	3.0738	101.5183
division	Senegal	14.5	-14.25
division	Seoul	37.548278	126.990916
division	Seraing	50.591687	5.516066
division	Shandong	36.298013	118.193884
division	Shanghai	31.171447	121.429896
division	Sichuan	30.709229	102.693949
division	Sihanoukville	10.616351	103.512278
division	Siirt	37.911394	42.115166
division	Silly	50.638827	3.943396
division	Singapore	1.344189	103.867546
division	Sint-Agatha-Berchem	50.863918	4.294079
division	Sint-Genesius-Rode	50.743667	4.371971
division	Sint-Gillis-Waas	51.226622	4.118297
division	Sint-Niklaas	51.1559	4.1544
division	Sint-Pieters-Woluwe	50.83	4.4335
division	Sint-Truiden	50.810338	5.192644
division	Slovakia	48.66667	19.5
division	Slovenia	45.8133113	14.4808369
division	Småland	57.528294	14.463824
division	Soignies	50.565241	4.035806
division	Sormland	59.061157	16.697407
division	Soumagne	50.636363	5.733485
division	South Africa	-28.8166235	24.991639
division	South America	-13.083583	-58.470721
division	South Carolina	33.8361	-81.1637
division	South Holland	52.006053	4.485728
division	South Korea	36.609249	127.917932
division	South Yorkshire	53.4697	-1.326
division	Spain	40.4637	-3.7492
division	Sri Lanka	7.75	80.75
division	St-Louis	16.0326	-16.4818
division	Stekene	51.214088	4.030857
division	Stockholm	59.33267	18.061849
division	Sud Kivu	-3.223156	28.386665
division	Sverdlovsk Region	59.0077	61.9316
division	Sweden	59.6749712	14.5208584
division	Switzerland	46.8182	8.2275
division	Taipei	25.00203	121.518688
division	Taiwan	23.8169	121.031365
division	Talca	-35.462909	-71.37096
division	Taoyuan	24.9936	121.301
division	Tatarstan	56.130014	53.371181
division	Tbilisi	41.733699	44.818487
division	Telangana	18.094062	79.141493
division	Teramo	42.6611	13.6987
division	Tervuren	50.820725	4.52387
division	Texas	31.146868	-99.188758
division	Thailand	14.8971921	100.83273
division	Thanh Hoa	20.026365	105.439044
division	Theux	50.518906	5.814748
division	Thies	14.791	-16.9359
division	Tibas	9.9576	-84.0816
division	Ticino	46.345334	8.774813
division	Tielt-Winge	50.922676	4.892596
division	Tienen	50.80466	4.937784
division	Tilburg	51.567213	5.047957
division	Tipperary	52.4738	-8.1619
division	Tokyo	35.683441	139.766131
division	Touba	14.856713	-15.87911
division	Toulouse	43.597198	1.431465
division	Tournai	50.615852	3.400822
division	Tubize	50.687041	4.193545
division	Turkey	39	35
division	Tver Region	57.0022	33.9853
division	UK	54.234125	-2.078794
division	Ukkel	50.78985	4.360242
division	United Kingdom	54.242833	-2.088739
division	Uruguay	-33	-56
division	USA	38.916963	-98.891372
division	Usti nad Labem	50.656527	14.053702
division	Utah	39.4225192	-111.7143583
division	Utrecht	52.08532	5.184968
division	Varmland	59.894483	13.209991
division	Vasterbotten	64.863611	17.7435
division	Vaud	46.619469	6.472479
division	Veneto	45.4415	12.3153
division	Victoria	-37.121673	144.106178
division	Vienna	48.2082	16.3738
division	Vietnam	16.16667	107.83333
division	Vilnius	54.697979	25.279095
division	Vilvoorde	50.932484	4.429885
division	Vinhphuc	21.348702	105.548594
division	Virginia	37.926868	-78.024902
division	Vorst	50.8134	4.3248
division	Waasmunster	51.1182	4.080492
division	Wales	52.306085	-3.621944
division	Walloon Brabant	50.661007	4.566076
division	Wanze	50.549453	5.196784
division	Washington	47.183945	-119.950361
division	Waterloo	50.710994	4.406944
division	Watermaal-Bosvoorde	50.793185	4.423301
division	Wellington	-41.273449	174.857634
division	Wervik	50.807707	3.052349
division	West Bengal	23.361461	87.724077
division	West Coast Region	13.2229	16.582
division	Western Australia	-27.055937	122.236663
division	Wevelgem	50.832135	3.174228
division	Wicklow	52.9808	-6.0446
division	Wisconsin	44.535145	-89.527762
division	Wyoming	43.076	-107.2903
division	Yunnan	24.556297	101.36621
division	Zhejiang	29.22571	120.299125
division	Zielonogorskie	52.2275	15.2559
division	Zinnik	50.567422	4.040613
division	Zolder	50.9905	5.258
division	Zonhoven	50.9871	5.3672
division	Zoutleeuw	50.836614	5.107761
division	Zurich	47.441242	8.641154


country	Argentina	-37.052315	-64.869142
country	Asia	30.451098	86.654576
country	Austria	47.5162	14.5501
country	Belarus	53.704205	28.247691
country	Costa Rica	10.037900	-83.818759
country	Croatia	45.1000	15.2000
country	Denmark	56.2639	9.5018
country	Democratic Republic of the Congo	-4.0383	21.7587
country	Ecuador	-1.0541	-78.1489
country	Egypt	26.8206	30.8025
country	England	52.3555	-1.1743
country	Estonia	58.850111	25.808524
country	Georgia	41.989378	43.597463
country	Ghana	7.811417	-1.089272
country	Iceland	64.90614	-18.4826
country	Iran	34.5732	51.876
country	Israel	31.217736	34.903129
country	Lithuania	55.378752	23.945328
country	Luxembourg	49.755428	6.119486
country	Malaysia	4.264153	102.222436
country	Norway	61.3109	8.73701
country	Panama	8.98333	-79.5166
country	Peru	-9.650468	-75.328211
country	Philippines	11.383086	123.521862
country	Qatar	25.230573	51.183951
country	Sri Lanka	7.8731	80.7718
country	Turkey	39.046746	36.767068

country	Africa	4.070194	21.824559
country	Europe	49.646237	10.799454
country	North America	28.2367447	-97.738017
country	Oceania	-25.0562891	152.008576
country	South America	-13.083583	-58.470721
location	Esbjerg V	55.56107856	8.35680928
location	Middelfart	55.49543203	9.79559492
location	Vejle	55.68014643	9.48737505
location	Saeby	57.33243507	10.46020515
location	Svenstrup J	56.9647583	9.86815189
location	Farsoe	56.78956936	9.29587574
location	Vestbjerg	57.12732919	9.97550463
location	Hadsund	56.75613538	10.19138919
location	Aarhus C	56.14653059	10.19488435
location	Stoevring	56.89267972	9.80945918
location	Aalborg	57.04071943	9.89137823
location	Roskilde	55.62171234	12.05578482
location	Koege	55.4617703	12.12455693
location	Toelloese	55.61818163	11.74532267
location	Greve	55.59488632	12.2795259
location	Odder	55.95916323	10.17248285
location	Naestved	55.18747659	11.83193497
location	Kalundborg	55.67771845	11.16811565
location	Bjaeverskov	55.44838852	12.02691725
location	Malling	56.02727804	10.21323146
location	Vallensbaek Strand	55.61962618	12.3884378
location	Solroed Strand	55.52998438	12.20134648
location	Karlslunde	55.56927896	12.21375988
location	Holbaek	55.69140735	11.68585053
location	Silkeborg	56.17147071	9.4900253
location	Beder	56.06269886	10.23058516
location	Egaa	56.22062565	10.27332281
location	Risskov	56.20013895	10.22772666
location	Galten	56.17800104	9.91179535
location	Oestbirk	55.96891982	9.75737543
location	Hoejbjerg	56.10925697	10.19038551
location	Randers SOe	56.42891405	10.17690051
location	Aarhus N	56.20167527	10.15922351
location	Herning	56.11911505	8.98775376
location	Viby J	56.12635244	10.13778473
location	Viborg	56.41681148	9.36897659
location	Sunds	56.22960774	9.02585964
location	Dyssegaard	55.73206179	12.527951
location	Klampenborg	55.77942236	12.57634278
location	Koebenhavn V	55.67630637	12.56794358
location	Koebenhavn V	55.67922359	12.56484383
location	Koebenhavn V	55.67433051	12.57367758
location	Koebenhavn V	55.67455675	12.56908785
location	Koebenhavn V	55.67705334	12.56487951
location	Koebenhavn V	55.674964	12.57512169
location	Koebenhavn V	55.67354201	12.5735107
location	Koebenhavn V	55.67321483	12.5748571
location	Koebenhavn V	55.67189966	12.57714319
location	Koebenhavn V	55.67150035	12.57764517
location	Koebenhavn V	55.66270522	12.56196831
location	Koebenhavn V	55.66129036	12.56003957
location	Koebenhavn V	55.67042671	12.57484744
location	Koebenhavn V	55.67081742	12.57359465
location	Koebenhavn V	55.67242943	12.57621894
location	Koebenhavn V	55.67019634	12.57132645
location	Koebenhavn V	55.66908712	12.57277693
location	Koebenhavn V	55.67128988	12.57067539
location	Koebenhavn V	55.67358392	12.56449889
location	Koebenhavn V	55.67075323	12.57232129
location	Koebenhavn V	55.67148756	12.57323774
location	Koebenhavn V	55.67173669	12.57409664
location	Koebenhavn V	55.67158961	12.57217128
location	Koebenhavn V	55.67200881	12.57057649
location	Koebenhavn V	55.67113694	12.56944432
location	Koebenhavn V	55.66901215	12.56800445
location	Koebenhavn V	55.67988681	12.56258051
location	Koebenhavn V	55.67877817	12.55937917
location	Koebenhavn V	55.67873082	12.5612736
location	Koebenhavn V	55.67925094	12.56222843
location	Koebenhavn V	55.67743294	12.5613943
location	Koebenhavn V	55.67602364	12.56106245
location	Koebenhavn V	55.67806697	12.56232778
location	Koebenhavn V	55.67858553	12.56377805
location	Koebenhavn V	55.67611213	12.56531755
location	Koebenhavn V	55.67579789	12.56377996
location	Koebenhavn V	55.67456576	12.5577223
location	Koebenhavn V	55.67518232	12.56362751
location	Koebenhavn V	55.67560841	12.56267131
location	Koebenhavn V	55.67452629	12.56162653
location	Koebenhavn V	55.67414128	12.56065848
location	Koebenhavn V	55.67390932	12.55909001
location	Koebenhavn V	55.67309834	12.55710699
location	Koebenhavn V	55.67294594	12.55457903
location	Koebenhavn V	55.67382242	12.55126144
location	Koebenhavn V	55.67376086	12.55017806
location	Koebenhavn V	55.67264298	12.55913327
location	Koebenhavn V	55.67293333	12.54769433
location	Koebenhavn V	55.67245693	12.54658832
location	Koebenhavn V	55.67193979	12.54526736
location	Koebenhavn V	55.67212888	12.54598034
location	Koebenhavn V	55.6825235	12.55548923
location	Koebenhavn V	55.68343153	12.55545314
location	Koebenhavn V	55.68231545	12.5564173
location	Koebenhavn V	55.68187637	12.55549264
location	Koebenhavn V	55.68284156	12.55627711
location	Koebenhavn V	55.66872787	12.55197362
location	Koebenhavn V	55.67129215	12.56525239
location	Koebenhavn V	55.67242389	12.56197922
location	Koebenhavn V	55.67234568	12.5609699
location	Koebenhavn V	55.67158989	12.55933466
location	Koebenhavn V	55.67121581	12.55816022
location	Koebenhavn V	55.67137912	12.55631521
location	Koebenhavn V	55.67050611	12.55581577
location	Koebenhavn V	55.67049852	12.55413977
location	Koebenhavn V	55.67182348	12.55451216
location	Koebenhavn V	55.67089792	12.55264927
location	Koebenhavn V	55.67164674	12.55188166
location	Koebenhavn V	55.67152277	12.55084057
location	Koebenhavn V	55.67061559	12.54995271
location	Koebenhavn V	55.67191845	12.54919832
location	Koebenhavn V	55.67082135	12.54858405
location	Koebenhavn V	55.66979331	12.54734503
location	Koebenhavn V	55.66906572	12.54621289
location	Koebenhavn V	55.66882907	12.54794234
location	Koebenhavn V	55.66573477	12.54769264
location	Koebenhavn V	55.66709135	12.54504302
location	Koebenhavn V	55.66836707	12.54530588
location	Koebenhavn V	55.6685544	12.54639085
location	Koebenhavn V	55.66799575	12.5465375
location	Koebenhavn V	55.66560066	12.54309456
location	Koebenhavn V	55.66647464	12.54685256
location	Koebenhavn V	55.66619152	12.54842401
location	Koebenhavn V	55.66602386	12.54700046
location	Koebenhavn V	55.66810542	12.56294693
location	Koebenhavn V	55.66945948	12.56228226
location	Koebenhavn V	55.67179515	12.56331688
location	Koebenhavn V	55.67134085	12.5637674
location	Koebenhavn V	55.67056976	12.56292145
location	Koebenhavn V	55.67305739	12.5699623
location	Koebenhavn V	55.66529398	12.5587649
location	Koebenhavn V	55.67074811	12.55994889
location	Koebenhavn V	55.6718825	12.56062207
location	Koebenhavn V	55.6696213	12.55745219
location	Koebenhavn V	55.66829956	12.55436089
location	Koebenhavn V	55.67015852	12.56287023
location	Koebenhavn V	55.66770326	12.5594416
location	Koebenhavn V	55.66837077	12.55783183
location	Koebenhavn V	55.66603571	12.5584376
location	Koebenhavn V	55.66870393	12.56063662
location	Koebenhavn V	55.66884414	12.55886941
location	Koebenhavn V	55.66707261	12.55731893
location	Koebenhavn V	55.66711053	12.55560361
location	Koebenhavn V	55.66698025	12.55476615
location	Koebenhavn V	55.66359129	12.54064325
location	Koebenhavn V	55.66624074	12.55326244
location	Koebenhavn V	55.66657955	12.55418453
location	Koebenhavn V	55.66726948	12.5522664
location	Koebenhavn V	55.66809061	12.55200311
location	Koebenhavn V	55.66565101	12.55379172
location	Koebenhavn V	55.66564743	12.55256569
location	Koebenhavn V	55.66529918	12.55157104
location	Koebenhavn V	55.66481971	12.55064723
location	Koebenhavn V	55.66458741	12.54915072
location	Koebenhavn V	55.66439812	12.54822289
location	Koebenhavn V	55.66411741	12.54688486
location	Koebenhavn V	55.66393593	12.54573859
location	Koebenhavn V	55.66368886	12.54431734
location	Koebenhavn V	55.66523209	12.54568262
location	Koebenhavn V	55.66479718	12.54537668
location	Koebenhavn V	55.66524968	12.54364271
location	Koebenhavn V	55.66484287	12.54447071
location	Koebenhavn V	55.66449069	12.54375074
location	Koebenhavn V	55.664438	12.54299209
location	Koebenhavn V	55.66952603	12.53704743
location	Koebenhavn V	55.66769158	12.5398063
location	Koebenhavn V	55.67008603	12.54477144
location	Koebenhavn V	55.67003659	12.54294527
location	Koebenhavn V	55.66961867	12.54335814
location	Koebenhavn V	55.66925047	12.54411696
location	Koebenhavn V	55.66967755	12.54272296
location	Koebenhavn V	55.66900959	12.54203009
location	Koebenhavn V	55.66915035	12.54082339
location	Koebenhavn V	55.66758517	12.54297343
location	Koebenhavn V	55.66851692	12.5432819
location	Koebenhavn V	55.66571623	12.54546668
location	Koebenhavn V	55.66772397	12.54124611
location	Koebenhavn V	55.66555484	12.54086863
location	Koebenhavn V	55.6656842	12.54207733
location	Koebenhavn V	55.66497095	12.53940436
location	Koebenhavn V	55.66440364	12.53905783
location	Koebenhavn V	55.66414411	12.54067769
location	Koebenhavn V	55.66822916	12.5365578
location	Koebenhavn V	55.66852133	12.53917356
location	Koebenhavn V	55.6682938	12.53864545
location	Koebenhavn V	55.66818798	12.53801681
location	Koebenhavn V	55.66797162	12.53904722
location	Koebenhavn V	55.66788031	12.53683801
location	Koebenhavn V	55.66702322	12.53764622
location	Koebenhavn V	55.66585361	12.53344813
location	Valby	55.65941452	12.49869399
location	Frederiksberg	55.67945641	12.51562935
location	Holte	55.81684549	12.48640452
location	Charlottenlund	55.75534263	12.57482427
location	Gentofte	55.75145806	12.53343057
location	Herlev	55.74057031	12.42581802
location	Hellerup	55.73337558	12.56460287
location	Lynge	55.8397364	12.28059858
location	Roedovre	55.68182922	12.44863533
location	Broendby	55.64503648	12.40439537
location	Lundby	55.1146191	11.84977261
location	Hvidovre	55.63196911	12.46971814
location	Vanloese	55.6883311	12.48194421
location	Koebenhavn SV	55.64453879	12.52801294
location	Odense C	55.40946975	10.40417837
location	Viby Sjaelland	55.55011926	12.00904287
location	Koebenhavn N	55.6940569	12.54914572
location	Hinnerup	56.25949156	10.06719333
location	Bogense	55.54353326	10.10364476
location	Vordingborg	55.04017051	11.89862831
location	Hoerning	56.09369625	10.0135704
location	Dalby	55.51753249	10.68882027
location	Kirke Saaby	55.65438247	11.87373529
location	Koebenhavn Oe	55.70892735	12.57229285
location	Toender	54.95248429	8.89453488
location	Munke Bjergby	55.50160113	11.52243487
location	Billund	55.73747406	9.10002297
location	Tappernoeje	55.18292413	11.97962307
location	Aabenraa	54.9813044	9.43042383
location	Klippinge	55.37980409	12.35667358
location	Odense M	55.37859541	10.4114235
location	Broby	55.24506199	10.25211529
location	Kirke Hyllinge	55.70497207	11.91387965
location	Haslev	55.32031014	11.95519764
location	Haderslev	55.20399665	9.49012437
location	Borup	55.49411646	11.97092667
location	Hoeng	55.50308551	11.30548124
location	Tilst	56.18928869	10.09750556
location	Esbjerg	55.46435394	8.47091415
location	Bjert	55.44545871	9.55989385
location	Idestrup	54.73413853	11.98653793
location	Kolding	55.51102382	9.44363216
location	Svendborg	54.98699919	10.57527981
location	Odense NV	55.41754658	10.30695242
location	Birkeroed	55.84270608	12.41757019
location	Frederiksberg C	55.67047098	12.53600765
location	Frederiksberg C	55.6690663	12.53414281
location	Frederiksberg C	55.67007767	12.53457921
location	Frederiksberg C	55.66997053	12.53340416
location	Frederiksberg C	55.67003692	12.53225891
location	Frederiksberg C	55.66804842	12.5311529
location	Frederiksberg C	55.6721564	12.53424914
location	Frederiksberg C	55.67115759	12.53331808
location	Frederiksberg C	55.67159046	12.53426314
location	Frederiksberg C	55.6716243	12.53554461
location	Frederiksberg C	55.67146453	12.53960125
location	Frederiksberg C	55.6725422	12.53677431
location	Frederiksberg C	55.67120846	12.53698945
location	Frederiksberg C	55.67238106	12.53865345
location	Frederiksberg C	55.67153382	12.54130724
location	Frederiksberg C	55.6727428	12.54237549
location	Frederiksberg C	55.67280184	12.54338951
location	Frederiksberg C	55.6720535	12.54298543
location	Frederiksberg C	55.67247144	12.54488147
location	Frederiksberg C	55.67398318	12.54936765
location	Frederiksberg C	55.67407429	12.53462279
location	Frederiksberg C	55.67268282	12.54608419
location	Frederiksberg C	55.67285485	12.54538991
location	Frederiksberg C	55.67414951	12.54712394
location	Frederiksberg C	55.67422815	12.5454441
location	Frederiksberg C	55.67479317	12.54450577
location	Frederiksberg C	55.67472699	12.54312856
location	Frederiksberg C	55.67482887	12.5419349
location	Frederiksberg C	55.67594343	12.54143187
location	Frederiksberg C	55.67774692	12.5362512
location	Frederiksberg C	55.67572373	12.53965438
location	Frederiksberg C	55.67648934	12.53849568
location	Frederiksberg C	55.67529526	12.53701022
location	Frederiksberg C	55.67515529	12.53452691
location	Frederiksberg C	55.67620071	12.53573489
location	Frederiksberg C	55.67661415	12.53738999
location	Frederiksberg C	55.67693751	12.53561489
location	Frederiksberg C	55.68109331	12.53719762
location	Frederiksberg C	55.67979174	12.53508153
location	Frederiksberg C	55.68004417	12.53618519
location	Frederiksberg C	55.67918107	12.53725843
location	Frederiksberg C	55.6783961	12.53709225
location	Frederiksberg C	55.67906052	12.53840772
location	Frederiksberg C	55.67777926	12.53802154
location	Frederiksberg C	55.67856694	12.53980769
location	Frederiksberg C	55.67769198	12.54048726
location	Frederiksberg C	55.68052551	12.54099176
location	Frederiksberg C	55.68208484	12.54271496
location	Frederiksberg C	55.68027144	12.54486513
location	Frederiksberg C	55.67981424	12.54531212
location	Frederiksberg C	55.6794665	12.546312
location	Frederiksberg C	55.67914852	12.54439633
location	Frederiksberg C	55.67796084	12.54513765
location	Frederiksberg C	55.676822	12.54314122
location	Frederiksberg C	55.67659707	12.54447671
location	Frederiksberg C	55.67944885	12.54791386
location	Frederiksberg C	55.67568449	12.55571599
location	Frederiksberg C	55.67596832	12.54638197
location	Frederiksberg C	55.67688481	12.54764912
location	Frederiksberg C	55.67760453	12.54962625
location	Frederiksberg C	55.67662945	12.5503761
location	Frederiksberg C	55.67498553	12.55032219
location	Frederiksberg C	55.67534886	12.55138892
location	Frederiksberg C	55.67446845	12.55353922
location	Frederiksberg C	55.67558015	12.55272852
location	Frederiksberg C	55.67957423	12.55012682
location	Frederiksberg C	55.67759267	12.55287463
location	Frederiksberg C	55.67947352	12.55170183
location	Frederiksberg C	55.67825536	12.55215583
location	Frederiksberg C	55.67839105	12.55360844
location	Frederiksberg C	55.67886014	12.55191481
location	Frederiksberg C	55.67755331	12.55696888
location	Frederiksberg C	55.67684523	12.55519671
location	Frederiksberg C	55.68036477	12.54975215
location	Frederiksberg C	55.67989699	12.55335595
location	Frederiksberg C	55.68060854	12.55207833
location	Frederiksberg C	55.6811586	12.55021079
location	Frederiksberg C	55.68134585	12.55169309
location	Frederiksberg C	55.68101368	12.55346186
location	Frederiksberg C	55.68001622	12.55635291
location	Frederiksberg C	55.67936955	12.55644595
location	Frederiksberg C	55.67873506	12.55637458
location	Frederiksberg C	55.68169351	12.53569241
location	Frederiksberg C	55.68207494	12.53659621
location	Frederiksberg C	55.68244847	12.53583526
location	Frederiksberg C	55.68293731	12.53719507
location	Frederiksberg C	55.68414812	12.5391162
location	Frederiksberg C	55.6836199	12.54040474
location	Frederiksberg C	55.6833691	12.54129064
location	Frederiksberg C	55.68330146	12.54256908
location	Frederiksberg C	55.68504127	12.54350985
location	Frederiksberg C	55.68574931	12.54140448
location	Frederiksberg C	55.68491069	12.54945121
location	Frederiksberg C	55.6819061	12.54710267
location	Frederiksberg C	55.68262187	12.54653218
location	Frederiksberg C	55.68129366	12.54809396
location	Frederiksberg C	55.68439097	12.54841915
location	Frederiksberg C	55.68343992	12.54828201
location	Frederiksberg C	55.68336984	12.54945981
location	Frederiksberg C	55.68419509	12.54978855
location	Frederiksberg C	55.68275244	12.54880394
location	Frederiksberg C	55.68421574	12.55227545
location	Frederiksberg C	55.68366621	12.55268155
location	Frederiksberg C	55.68367036	12.55429159
location	Frederiksberg C	55.6822106	12.55381232
location	Hasselager	56.10123046	10.08245179
location	Korsoer	55.36648319	11.19353696
location	Kongens Lyngby	55.78572204	12.52083673
location	Broenshoej	55.70964347	12.48463422
location	Soroe	55.40880423	11.55727004
location	Espergaerde	55.99750731	12.54192156
location	Videbaek	56.08052418	8.66992988
location	Holstebro	56.34794414	8.58519299
location	Vodskov	57.10195914	10.08812266
location	Aabyhoej	56.15196052	10.1605019
location	Thorsoe	56.3103006	9.79439741
location	Mariager	56.6354689	10.03096995
location	Grenaa	56.42794759	10.84475511
location	Tranbjerg J	56.09423322	10.13924601
location	Aars	56.80003403	9.49610809
location	Hoersholm	55.88126977	12.4388378
location	Moerke	56.35508218	10.38246065
location	Faarvang	56.27196318	9.70492587
location	Skanderborg	56.02388208	9.89235588
location	Hedehusene	55.66357137	12.19945854
location	Thisted	56.98615967	8.56134222
location	Ishoej	55.62236463	12.33447891
location	Koebenhavn NV	55.71256101	12.52876704
location	Skive	56.46317549	8.99505562
location	Slagelse	55.40887585	11.37133987
location	Fuglebjerg	55.31864081	11.55229442
location	Nakskov	54.84738694	11.17998254
location	Broendby Strand	55.62196244	12.42428638
location	Skoedstrup	56.27207745	10.32071452
location	Brabrand	56.15788265	10.06788413
location	Havdrup	55.54041131	12.11265454
location	Roslev	56.71910575	9.02646622
location	Helsingoer	56.04219716	12.50621585
location	Nykoebing Sj	55.85219014	11.68364257
location	Ringsted	55.43053197	11.82805925
location	Ruds Vedby	55.55253436	11.38504044
location	Gadstrup	55.5745913	12.08017443
location	Dianalund	55.53579978	11.48228398
location	Kokkedal	55.91992432	12.45605071
location	Hilleroed	55.92123871	12.28696917
location	Rungsted Kyst	55.8839166	12.53010237
location	Aalborg SV	57.00928951	9.86220561
location	Oester Ulslev	54.68680743	11.60788029
location	Gilleleje	56.09144496	12.34028428
location	Skovlunde	55.71528471	12.39724634
location	Hoerve	55.76162861	11.40509082
location	Farum	55.81981968	12.35067108
location	Nibe	56.9766274	9.47764361
location	Kastrup	55.59816921	12.54212256
location	Bagsvaerd	55.76191781	12.44587672
location	Skibby	55.76620904	12.00889849
location	Jerslev J	57.29699349	10.11084423
location	Roedvig Stevns	55.2687039	12.36843542
location	Langebaek	55.00062089	12.08511083
location	Helsinge	56.01099572	12.1715219
location	Soeborg	55.73800813	12.48425242
location	Odense SV	55.35251254	10.29791607
location	Skaarup Fyn	55.08114666	10.69737797
location	Mern	55.04277913	12.06281976
location	Nyborg	55.34895451	10.74962749
location	Otterup	55.53833721	10.39404998
location	Faaborg	55.1212673	10.31643929
location	Lystrup	56.24438884	10.22716475
location	Stenstrup	55.12556284	10.52352287
location	Stenloese	55.80077298	12.27836793
location	Ullerslev	55.3853962	10.67264449
location	Brovst	57.11409455	9.52916426
location	Froerup	55.23586503	10.75234559
location	Aalborg SOe	56.9991663	9.93295578
location	Gudme	55.1496317	10.7120614
location	Tjele	56.49762699	9.60208409
location	Hjoerring	57.45677529	10.00194327
location	Frederikshavn	57.42465984	10.4353151
location	Ringe	55.2209888	10.42313811
location	Vester Skerninge	55.06879842	10.44387087
location	Klarup	57.01951187	10.05566097
location	Assens	55.296664	9.95188834
location	Mesinge	55.49069461	10.65231059
location	Hovedgaard	55.95626604	9.98616441
location	Odense N	55.44966319	10.35714765
location	Tommerup	55.3195544	10.19834407
location	Tureby	55.38830546	12.08719823
location	Harlev J	56.14059283	9.99991491
location	Sakskoebing	54.77305497	11.66272081
location	Hals	57.02498855	10.30086655
location	Odense NOe	55.42123207	10.44332209
location	Laesoe	57.26614235	11.0080114
location	Morud	55.43415758	10.19234031
location	Snertinge	55.6969919	11.37072627
location	Ferritslev Fyn	55.31045491	10.58601195
location	Odense S	55.34939755	10.39917484
location	Arden	56.76264148	9.94260419
location	Loegstoer	56.93787961	9.32490793
location	Balle	56.30795171	10.82554659
location	Vraa	57.37190853	9.87742317
location	Broenderslev	57.28432949	9.88277134
location	Vaerloese	55.77912974	12.35591788
location	Gredstedbro	55.40373213	8.74986974
location	Praestoe	55.09676321	12.01502847
location	Noerresundby	57.08253657	9.92260209
location	Blokhus	57.25418763	9.60899419
location	Asperup	55.49355829	9.89174003
location	Hjallerup	57.17870119	10.13790859
location	Odense SOe	55.34929575	10.49825565
location	Albertslund	55.6869516	12.34477556
location	Kerteminde	55.4280626	10.66559789
location	Nykoebing M	56.7909307	8.80307523
location	Gandrup	57.05355371	10.19776644
location	Hornsyld	55.76234096	9.85180061
location	Koebenhavn S	55.65453772	12.60504109
location	Glostrup	55.6741838	12.39697754
location	Koebenhavn K	55.68066419	12.58599677
location	Koebenhavn K	55.68028591	12.59069545
location	Koebenhavn K	55.67906706	12.58954953
location	Koebenhavn K	55.67798554	12.59073024
location	Koebenhavn K	55.67763459	12.58906639
location	Koebenhavn K	55.67723063	12.58807365
location	Koebenhavn K	55.67946993	12.58793902
location	Koebenhavn K	55.67833168	12.58959495
location	Koebenhavn K	55.67642444	12.58534665
location	Koebenhavn K	55.67675239	12.58672365
location	Koebenhavn K	55.67666743	12.5839391
location	Koebenhavn K	55.67759693	12.58119282
location	Koebenhavn K	55.67745504	12.5820684
location	Koebenhavn K	55.67812648	12.58481601
location	Koebenhavn K	55.67855701	12.58421619
location	Koebenhavn K	55.67792954	12.58122649
location	Koebenhavn K	55.67738024	12.58283658
location	Koebenhavn K	55.67872776	12.58180816
location	Koebenhavn K	55.67746813	12.58355191
location	Koebenhavn K	55.67777633	12.58417532
location	Koebenhavn K	55.67881568	12.58352498
location	Koebenhavn K	55.67826694	12.58375053
location	Koebenhavn K	55.67845615	12.58065996
location	Koebenhavn K	55.67878588	12.58063157
location	Koebenhavn K	55.67941235	12.5835962
location	Koebenhavn K	55.67989336	12.58283276
location	Koebenhavn K	55.68044771	12.5831775
location	Koebenhavn K	55.68084435	12.58279789
location	Koebenhavn K	55.68076455	12.58412972
location	Koebenhavn K	55.68124172	12.58393567
location	Koebenhavn K	55.68003329	12.58212355
location	Koebenhavn K	55.68045276	12.58120094
location	Koebenhavn K	55.68161934	12.58319268
location	Koebenhavn K	55.68146481	12.5818153
location	Koebenhavn K	55.68219996	12.58080608
location	Koebenhavn K	55.68123981	12.57974966
location	Koebenhavn K	55.68001592	12.58017369
location	Koebenhavn K	55.68069802	12.57891556
location	Koebenhavn K	55.68103123	12.5782846
location	Koebenhavn K	55.68222456	12.58005882
location	Koebenhavn K	55.6810324	12.58157142
location	Koebenhavn K	55.68104247	12.58080964
location	Koebenhavn K	55.6823894	12.57714609
location	Koebenhavn K	55.68236562	12.57870875
location	Koebenhavn K	55.68277836	12.57891573
location	Koebenhavn K	55.68253368	12.57978841
location	Koebenhavn K	55.68426232	12.57745579
location	Koebenhavn K	55.68303024	12.57689183
location	Koebenhavn K	55.6824351	12.5763264
location	Koebenhavn K	55.68215407	12.57533822
location	Koebenhavn K	55.68291443	12.57557089
location	Koebenhavn K	55.68278092	12.57472861
location	Koebenhavn K	55.68317382	12.57433901
location	Koebenhavn K	55.68337542	12.57364349
location	Koebenhavn K	55.68385549	12.5738097
location	Koebenhavn K	55.68116132	12.57715963
location	Koebenhavn K	55.67925834	12.57640167
location	Koebenhavn K	55.68037643	12.57705358
location	Koebenhavn K	55.67913736	12.57741313
location	Koebenhavn K	55.67961793	12.5758435
location	Koebenhavn K	55.68007367	12.57544104
location	Koebenhavn K	55.67957221	12.57530761
location	Koebenhavn K	55.67907168	12.57544281
location	Koebenhavn K	55.67861951	12.57361214
location	Koebenhavn K	55.68077513	12.57608635
location	Koebenhavn K	55.67891577	12.57872573
location	Koebenhavn K	55.67850064	12.5756279
location	Koebenhavn K	55.67882502	12.57447247
location	Koebenhavn K	55.67826381	12.57338344
location	Koebenhavn K	55.68076308	12.57068192
location	Koebenhavn K	55.67899335	12.57281215
location	Koebenhavn K	55.6791299	12.57155172
location	Koebenhavn K	55.67990118	12.57235905
location	Koebenhavn K	55.680565	12.57454621
location	Koebenhavn K	55.68008905	12.57446263
location	Koebenhavn K	55.68176293	12.57230844
location	Koebenhavn K	55.68095745	12.5736165
location	Koebenhavn K	55.68174413	12.57365135
location	Koebenhavn K	55.68241134	12.5724811
location	Koebenhavn K	55.6825404	12.57381402
location	Koebenhavn K	55.67820341	12.5798222
location	Koebenhavn K	55.67814189	12.57789223
location	Koebenhavn K	55.67784097	12.57890309
location	Koebenhavn K	55.67599986	12.57551486
location	Koebenhavn K	55.67653214	12.57548042
location	Koebenhavn K	55.67723642	12.57678089
location	Koebenhavn K	55.67754793	12.57706457
location	Koebenhavn K	55.67810969	12.57661838
location	Koebenhavn K	55.6769724	12.57500757
location	Koebenhavn K	55.67789078	12.57572903
location	Koebenhavn K	55.67809804	12.57425967
location	Koebenhavn K	55.67746346	12.5742407
location	Koebenhavn K	55.67695692	12.57864978
location	Koebenhavn K	55.67661266	12.57795782
location	Koebenhavn K	55.67457356	12.5797559
location	Koebenhavn K	55.67531545	12.58579648
location	Koebenhavn K	55.67524377	12.58303861
location	Koebenhavn K	55.67606586	12.58039666
location	Koebenhavn K	55.67372527	12.58282674
location	Koebenhavn K	55.67379886	12.57928044
location	Koebenhavn K	55.67305254	12.58166639
location	Koebenhavn K	55.68203388	12.58973054
location	Koebenhavn K	55.67996918	12.59382365
location	Koebenhavn K	55.68088864	12.5950897
location	Koebenhavn K	55.68510523	12.59593251
location	Koebenhavn K	55.68099691	12.59035137
location	Koebenhavn K	55.68116853	12.58863161
location	Koebenhavn K	55.68694458	12.59639664
location	Koebenhavn K	55.68446372	12.59278982
location	Koebenhavn K	55.68989954	12.59902952
location	Koebenhavn K	55.68382322	12.59009759
location	Koebenhavn K	55.68191836	12.58694628
location	Koebenhavn K	55.68876737	12.59622407
location	Koebenhavn K	55.68424184	12.58756966
location	Koebenhavn K	55.68485743	12.58943983
location	Koebenhavn K	55.68789729	12.59098837
location	Koebenhavn K	55.68828183	12.5903806
location	Koebenhavn K	55.68881006	12.59030867
location	Koebenhavn K	55.68984032	12.5908799
location	Koebenhavn K	55.68924322	12.58981807
location	Koebenhavn K	55.68266571	12.58427444
location	Koebenhavn K	55.68334448	12.58587955
location	Koebenhavn K	55.68448319	12.58409674
location	Koebenhavn K	55.68594749	12.58837636
location	Koebenhavn K	55.68333481	12.58306965
location	Koebenhavn K	55.68430724	12.58135321
location	Koebenhavn K	55.68643425	12.57998797
location	Koebenhavn K	55.6865329	12.58479357
location	Koebenhavn K	55.68721135	12.58342163
location	Koebenhavn K	55.68593955	12.59029867
location	Koebenhavn K	55.68811515	12.58380631
location	Koebenhavn K	55.68763774	12.58583966
location	Koebenhavn K	55.68703948	12.58894598
location	Koebenhavn K	55.68750826	12.58633595
location	Koebenhavn K	55.68763127	12.58791833
location	Koebenhavn K	55.68830711	12.58282835
location	Koebenhavn K	55.68896717	12.58191343
location	Koebenhavn K	55.68846582	12.58478262
location	Koebenhavn K	55.68802871	12.58712218
location	Koebenhavn K	55.68846691	12.58748743
location	Koebenhavn K	55.68791672	12.5895451
location	Koebenhavn K	55.68835925	12.58942362
location	Koebenhavn K	55.68966625	12.58573703
location	Koebenhavn K	55.68930756	12.58712585
location	Koebenhavn K	55.68932439	12.58847527
location	Koebenhavn K	55.68962824	12.58839238
location	Koebenhavn K	55.69037471	12.58723576
location	Koebenhavn K	55.68991619	12.58836924
location	Koebenhavn K	55.68914774	12.58464108
location	Koebenhavn K	55.68659617	12.57590522
location	Koebenhavn K	55.68939296	12.57310725
location	Koebenhavn K	55.68704697	12.57119575
location	Koebenhavn K	55.68980117	12.57096165
location	Koebenhavn K	55.68871643	12.5712291
location	Koebenhavn K	55.6871711	12.56804206
location	Koebenhavn K	55.6886384	12.56812794
location	Koebenhavn K	55.68056747	12.56695637
location	Koebenhavn K	55.68365009	12.56421074
location	Koebenhavn K	55.6856827	12.56656367
location	Koebenhavn K	55.68296065	12.56876693
location	Koebenhavn K	55.68488443	12.56993139
location	Koebenhavn K	55.68513437	12.56557099
location	Koebenhavn K	55.68207564	12.56643374
location	Koebenhavn K	55.68208169	12.56444325
location	Koebenhavn K	55.68207959	12.56325243
location	Koebenhavn K	55.68310746	12.56359571
location	Koebenhavn K	55.68138249	12.56378826
location	Koebenhavn K	55.68214443	12.55953017
location	Koebenhavn K	55.68484818	12.56346092
location	Koebenhavn K	55.68594651	12.56404534
location	Koebenhavn K	55.67038519	12.59681168
location	Koebenhavn K	55.67685447	12.59502578
location	Koebenhavn K	55.67247291	12.58559604
location	Koebenhavn K	55.67551778	12.59407312
location	Koebenhavn K	55.675415	12.59266256
location	Koebenhavn K	55.67360101	12.59549054
location	Koebenhavn K	55.67363428	12.5908827
location	Koebenhavn K	55.67350235	12.58777071
location	Koebenhavn K	55.67196283	12.59114309
location	Koebenhavn K	55.67032327	12.5834018
location	Koebenhavn K	55.67059202	12.58609487
location	Koebenhavn K	55.67061972	12.58664272
location	Koebenhavn K	55.67226424	12.58963364
location	Koebenhavn K	55.67442116	12.5950271
location	Koebenhavn K	55.67303619	12.59453284
location	Koebenhavn K	55.67272014	12.59231772
location	Koebenhavn K	55.67133117	12.59016855
location	Koebenhavn K	55.67053449	12.58895097
location	Koebenhavn K	55.67073872	12.59000159
location	Koebenhavn K	55.67028252	12.58811181
location	Koebenhavn K	55.67578336	12.60073759
location	Koebenhavn K	55.67073581	12.59282667
location	Koebenhavn K	55.66931315	12.59220558
location	Koebenhavn K	55.67184012	12.59425877
location	Koebenhavn K	55.67223173	12.59670167
location	Koebenhavn K	55.67501129	12.59740604
location	Koebenhavn K	55.67551144	12.59745699
location	Koebenhavn K	55.67527963	12.59825398
location	Koebenhavn K	55.67688022	12.59882845
location	Koebenhavn K	55.69362651	12.61875964
location	Koebenhavn K	55.72071617	12.6662797
location	Koebenhavn K	55.67822946	12.60090389
location	Koebenhavn K	55.6803494	12.60607236
location	Koebenhavn K	55.67613469	12.60345351
location	Koebenhavn K	55.6792312	12.60521843
location	Koebenhavn K	55.68264346	12.60221952
location	Koebenhavn K	55.68486143	12.60712512
location	Koebenhavn K	55.67308696	12.60137342
location	Koebenhavn K	55.67992992	12.6128732
location	Koebenhavn K	55.67728132	12.57305928
location	Koebenhavn K	55.6800785	12.56919359
location	Koebenhavn K	55.67954104	12.56829492
location	Koebenhavn K	55.67990502	12.57080331
location	Koebenhavn K	55.67806442	12.56955821
location	Koebenhavn K	55.67883409	12.57032224
location	Koebenhavn K	55.67731979	12.56925402
location	Koebenhavn K	55.67821919	12.57191269
location	Koebenhavn K	55.67697626	12.57201105
location	Koebenhavn K	55.67753312	12.57180355
location	Koebenhavn K	55.67662509	12.57083548
location	Koebenhavn K	55.67681948	12.57298975
location	Koebenhavn K	55.6762414	12.57177767
location	Koebenhavn K	55.67572208	12.57219443
location	Koebenhavn K	55.67644962	12.5726221
location	Koebenhavn K	55.67606578	12.57342745
location	Koebenhavn K	55.67686347	12.57412316
location	Koebenhavn K	55.67607304	12.57413846
location	Koebenhavn K	55.67552423	12.57336739
location	Koebenhavn K	55.67506238	12.57386014
location	Koebenhavn K	55.67431551	12.57499967
location	Koebenhavn K	55.67368537	12.57632308
location	Koebenhavn K	55.6723366	12.57832354
location	Roenne	55.12295268	14.77040857
location	Skaelskoer	55.23824003	11.33872913
location	Faxe Ladeplads	55.2194462	12.14099444
location	Hobro	56.63884509	9.70994296
location	Soendersoe	55.48691259	10.08371535
location	Ballerup	55.73668449	12.3638449
location	Nivaa	55.93342381	12.50063668
location	Femoe	54.97395269	11.54023083
location	Skaevinge	55.93559156	12.15008815
location	Oerbaek	55.2661035	10.63473931
location	Sulsted	57.16265215	9.99174315
location	Kalvehave	55.00803318	12.1427942
location	Nykoebing F	54.79417523	11.91771696
location	Jyllinge	55.74352995	12.1115294
location	Sejeroe	55.88146568	11.15483481
location	Frederiksvaerk	55.97783517	12.05954858
location	Frederikssund	55.83658956	12.09380321
location	Virum	55.78962271	12.46836985
location	Goerlev	55.53282661	11.20494852
location	Boeslunde	55.3061459	11.26828566
location	Store Heddinge	55.3143901	12.39204391
location	Soellested	54.79935911	11.29197531
location	Tune	55.59602755	12.16990416
location	Aarhus V	56.17162148	10.15819911
location	Sveboelle	55.65722471	11.29429706
location	Maribo	54.76659869	11.49814602
location	Hoejby	55.90785357	11.56599512
location	Karise	55.29633252	12.21696415
location	Hirtshals	57.56522019	9.9730564
location	Oestervraa	57.34034984	10.27081316
location	Skoerping	56.84944104	9.92696601
location	Hvalsoe	55.58583604	11.86940589
location	Oelstykke	55.78991195	12.1609202
location	Tylstrup	57.20308117	9.9350316
location	Aalborg Oest	57.05001015	10.00750733
location	Taastrup	55.6579409	12.28083382
location	Gislinge	55.73610011	11.56410432
location	Ranum	56.89623039	9.20951402
location	Noerager	56.74794316	9.63042311
location	Noerre Alslev	54.90504996	11.83249114
location	Oelsted	55.91208541	12.07773821
location	Vig	55.84646541	11.56037019
location	Jaegerspris	55.82585148	11.99233312
location	Alleroed	55.86605512	12.33661891
location	Vejby	56.0752446	12.14743951
location	Fredericia	55.57485304	9.65659006
location	Taars	57.37825187	10.14317436
location	Holmegaard	55.25979308	11.86408266
location	Varde	55.65607154	8.52854473
location	Ribe	55.30372309	8.77710386
location	Slangerup	55.85027208	12.17447416
location	Naerum	55.81751707	12.54388723
location	Noerre Nebel	55.78278429	8.23630263
location	Esbjerg Oe	55.49119806	8.50670242
location	Egtved	55.61664144	9.29089234
location	Skaerbaek	55.17737454	8.79090789
location	Rynkeby	55.40654304	10.62525952
location	Smoerum	55.72556424	12.28121197
location	Vedbaek	55.84725277	12.54527165
location	Vamdrup	55.41366579	9.34398711
location	Toerring	55.87483844	9.50220604
location	Stenlille	55.55246779	11.57749201
location	Moerkoev	55.62211279	11.49619782
location	Skagen	57.67467155	10.46037665
location	Rude	55.24034443	11.45970548
location	Jerslev Sjaelland	55.61730235	11.23183281
location	Karrebaeksminde	55.19556032	11.63388817
location	Esbjerg N	55.55332885	8.5093547
location	Vissenbjerg	55.39228422	10.13229762
location	Broager	54.87471973	9.68728458
location	Blommenslyst	55.38883518	10.22531693
location	Vaeggerloese	54.68596286	11.9267188
location	Sydals	54.91335321	9.99084888
location	Munkebo	55.45303068	10.52553123
location	Soervad	56.25194401	8.66525292
location	Them	56.08668443	9.55044283
location	Humlebaek	55.95707486	12.5143695
location	Snekkersten	56.01105642	12.57698891
location	Maaloev	55.75323652	12.32084626
location	Fredensborg	55.97086354	12.40200836
location	Lille Skensved	55.50779016	12.08511883
location	Store Fuglede	55.58200279	11.22057118
